-- Temporary May 2026 demo seed data — generated, safe to delete via cleanup-may-2026-demo.sql
BEGIN;

-- 1. Demo employees
INSERT INTO employees (id, client_id, email, name, role, site_id, assigned_sites, must_change_password) VALUES ('de3a0001-0000-4000-8000-000000000001', '550e8400-e29b-41d4-a716-446655440001', 'giulia.bianchi@demo-maggio.local', 'Giulia Bianchi', 'employee', '550e8400-e29b-41d4-a716-446655440012', ARRAY['550e8400-e29b-41d4-a716-446655440012']::uuid[], false) ON CONFLICT (id) DO NOTHING;
INSERT INTO employees (id, client_id, email, name, role, site_id, assigned_sites, must_change_password) VALUES ('de3a0001-0000-4000-8000-000000000002', '550e8400-e29b-41d4-a716-446655440001', 'marco.rossi@demo-maggio.local', 'Marco Rossi', 'employee', '550e8400-e29b-41d4-a716-446655440012', ARRAY['550e8400-e29b-41d4-a716-446655440012']::uuid[], false) ON CONFLICT (id) DO NOTHING;
INSERT INTO employees (id, client_id, email, name, role, site_id, assigned_sites, must_change_password) VALUES ('de3a0001-0000-4000-8000-000000000003', '550e8400-e29b-41d4-a716-446655440001', 'sara.colombo@demo-maggio.local', 'Sara Colombo', 'employee', '550e8400-e29b-41d4-a716-446655440012', ARRAY['550e8400-e29b-41d4-a716-446655440012']::uuid[], false) ON CONFLICT (id) DO NOTHING;
INSERT INTO employees (id, client_id, email, name, role, site_id, assigned_sites, must_change_password) VALUES ('de3a0001-0000-4000-8000-000000000004', '550e8400-e29b-41d4-a716-446655440001', 'luca.ferrari@demo-maggio.local', 'Luca Ferrari', 'employee', '550e8400-e29b-41d4-a716-446655440012', ARRAY['550e8400-e29b-41d4-a716-446655440012']::uuid[], false) ON CONFLICT (id) DO NOTHING;
INSERT INTO employees (id, client_id, email, name, role, site_id, assigned_sites, must_change_password) VALUES ('de3a0001-0000-4000-8000-000000000005', '550e8400-e29b-41d4-a716-446655440001', 'elena.ricci@demo-maggio.local', 'Elena Ricci', 'employee', 'e1337fab-ba3f-4332-bb06-57c9df15b067', ARRAY['e1337fab-ba3f-4332-bb06-57c9df15b067']::uuid[], false) ON CONFLICT (id) DO NOTHING;
INSERT INTO employees (id, client_id, email, name, role, site_id, assigned_sites, must_change_password) VALUES ('de3a0001-0000-4000-8000-000000000006', '550e8400-e29b-41d4-a716-446655440001', 'davide.romano@demo-maggio.local', 'Davide Romano', 'employee', 'e1337fab-ba3f-4332-bb06-57c9df15b067', ARRAY['e1337fab-ba3f-4332-bb06-57c9df15b067']::uuid[], false) ON CONFLICT (id) DO NOTHING;
INSERT INTO employees (id, client_id, email, name, role, site_id, assigned_sites, must_change_password) VALUES ('de3a0001-0000-4000-8000-000000000007', '550e8400-e29b-41d4-a716-446655440001', 'chiara.greco@demo-maggio.local', 'Chiara Greco', 'employee', 'e1337fab-ba3f-4332-bb06-57c9df15b067', ARRAY['e1337fab-ba3f-4332-bb06-57c9df15b067']::uuid[], false) ON CONFLICT (id) DO NOTHING;
INSERT INTO employees (id, client_id, email, name, role, site_id, assigned_sites, must_change_password) VALUES ('de3a0001-0000-4000-8000-000000000008', '550e8400-e29b-41d4-a716-446655440001', 'andrea.conti@demo-maggio.local', 'Andrea Conti', 'employee', 'e1337fab-ba3f-4332-bb06-57c9df15b067', ARRAY['e1337fab-ba3f-4332-bb06-57c9df15b067']::uuid[], false) ON CONFLICT (id) DO NOTHING;

-- 2. Check-ins (IN/OUT pairs) for weekdays, skipping absence days
INSERT INTO checkins (id, employee_id, site_id, timestamp, type, created_by, client_id) VALUES (uuid_generate_v4(), 'de3a0001-0000-4000-8000-000000000001', '550e8400-e29b-41d4-a716-446655440012', '2026-05-01 09:00:00+02', 'IN', 'de3a0001-0000-4000-8000-000000000001', '550e8400-e29b-41d4-a716-446655440001');
INSERT INTO checkins (id, employee_id, site_id, timestamp, type, created_by, client_id) VALUES (uuid_generate_v4(), 'de3a0001-0000-4000-8000-000000000001', '550e8400-e29b-41d4-a716-446655440012', '2026-05-01 18:00:00+02', 'OUT', 'de3a0001-0000-4000-8000-000000000001', '550e8400-e29b-41d4-a716-446655440001');
INSERT INTO checkins (id, employee_id, site_id, timestamp, type, created_by, client_id) VALUES (uuid_generate_v4(), 'de3a0001-0000-4000-8000-000000000001', '550e8400-e29b-41d4-a716-446655440012', '2026-05-04 09:00:00+02', 'IN', 'de3a0001-0000-4000-8000-000000000001', '550e8400-e29b-41d4-a716-446655440001');
INSERT INTO checkins (id, employee_id, site_id, timestamp, type, created_by, client_id) VALUES (uuid_generate_v4(), 'de3a0001-0000-4000-8000-000000000001', '550e8400-e29b-41d4-a716-446655440012', '2026-05-04 20:00:00+02', 'OUT', 'de3a0001-0000-4000-8000-000000000001', '550e8400-e29b-41d4-a716-446655440001');
INSERT INTO checkins (id, employee_id, site_id, timestamp, type, created_by, client_id) VALUES (uuid_generate_v4(), 'de3a0001-0000-4000-8000-000000000001', '550e8400-e29b-41d4-a716-446655440012', '2026-05-05 09:00:00+02', 'IN', 'de3a0001-0000-4000-8000-000000000001', '550e8400-e29b-41d4-a716-446655440001');
INSERT INTO checkins (id, employee_id, site_id, timestamp, type, created_by, client_id) VALUES (uuid_generate_v4(), 'de3a0001-0000-4000-8000-000000000001', '550e8400-e29b-41d4-a716-446655440012', '2026-05-05 18:00:00+02', 'OUT', 'de3a0001-0000-4000-8000-000000000001', '550e8400-e29b-41d4-a716-446655440001');
INSERT INTO checkins (id, employee_id, site_id, timestamp, type, created_by, client_id) VALUES (uuid_generate_v4(), 'de3a0001-0000-4000-8000-000000000001', '550e8400-e29b-41d4-a716-446655440012', '2026-05-06 09:00:00+02', 'IN', 'de3a0001-0000-4000-8000-000000000001', '550e8400-e29b-41d4-a716-446655440001');
INSERT INTO checkins (id, employee_id, site_id, timestamp, type, created_by, client_id) VALUES (uuid_generate_v4(), 'de3a0001-0000-4000-8000-000000000001', '550e8400-e29b-41d4-a716-446655440012', '2026-05-06 18:00:00+02', 'OUT', 'de3a0001-0000-4000-8000-000000000001', '550e8400-e29b-41d4-a716-446655440001');
INSERT INTO checkins (id, employee_id, site_id, timestamp, type, created_by, client_id) VALUES (uuid_generate_v4(), 'de3a0001-0000-4000-8000-000000000001', '550e8400-e29b-41d4-a716-446655440012', '2026-05-07 09:00:00+02', 'IN', 'de3a0001-0000-4000-8000-000000000001', '550e8400-e29b-41d4-a716-446655440001');
INSERT INTO checkins (id, employee_id, site_id, timestamp, type, created_by, client_id) VALUES (uuid_generate_v4(), 'de3a0001-0000-4000-8000-000000000001', '550e8400-e29b-41d4-a716-446655440012', '2026-05-07 18:00:00+02', 'OUT', 'de3a0001-0000-4000-8000-000000000001', '550e8400-e29b-41d4-a716-446655440001');
INSERT INTO checkins (id, employee_id, site_id, timestamp, type, created_by, client_id) VALUES (uuid_generate_v4(), 'de3a0001-0000-4000-8000-000000000001', '550e8400-e29b-41d4-a716-446655440012', '2026-05-08 09:00:00+02', 'IN', 'de3a0001-0000-4000-8000-000000000001', '550e8400-e29b-41d4-a716-446655440001');
INSERT INTO checkins (id, employee_id, site_id, timestamp, type, created_by, client_id) VALUES (uuid_generate_v4(), 'de3a0001-0000-4000-8000-000000000001', '550e8400-e29b-41d4-a716-446655440012', '2026-05-08 18:00:00+02', 'OUT', 'de3a0001-0000-4000-8000-000000000001', '550e8400-e29b-41d4-a716-446655440001');
INSERT INTO checkins (id, employee_id, site_id, timestamp, type, created_by, client_id) VALUES (uuid_generate_v4(), 'de3a0001-0000-4000-8000-000000000001', '550e8400-e29b-41d4-a716-446655440012', '2026-05-11 09:00:00+02', 'IN', 'de3a0001-0000-4000-8000-000000000001', '550e8400-e29b-41d4-a716-446655440001');
INSERT INTO checkins (id, employee_id, site_id, timestamp, type, created_by, client_id) VALUES (uuid_generate_v4(), 'de3a0001-0000-4000-8000-000000000001', '550e8400-e29b-41d4-a716-446655440012', '2026-05-11 20:00:00+02', 'OUT', 'de3a0001-0000-4000-8000-000000000001', '550e8400-e29b-41d4-a716-446655440001');
INSERT INTO checkins (id, employee_id, site_id, timestamp, type, created_by, client_id) VALUES (uuid_generate_v4(), 'de3a0001-0000-4000-8000-000000000001', '550e8400-e29b-41d4-a716-446655440012', '2026-05-12 09:00:00+02', 'IN', 'de3a0001-0000-4000-8000-000000000001', '550e8400-e29b-41d4-a716-446655440001');
INSERT INTO checkins (id, employee_id, site_id, timestamp, type, created_by, client_id) VALUES (uuid_generate_v4(), 'de3a0001-0000-4000-8000-000000000001', '550e8400-e29b-41d4-a716-446655440012', '2026-05-12 18:00:00+02', 'OUT', 'de3a0001-0000-4000-8000-000000000001', '550e8400-e29b-41d4-a716-446655440001');
INSERT INTO checkins (id, employee_id, site_id, timestamp, type, created_by, client_id) VALUES (uuid_generate_v4(), 'de3a0001-0000-4000-8000-000000000001', '550e8400-e29b-41d4-a716-446655440012', '2026-05-13 09:00:00+02', 'IN', 'de3a0001-0000-4000-8000-000000000001', '550e8400-e29b-41d4-a716-446655440001');
INSERT INTO checkins (id, employee_id, site_id, timestamp, type, created_by, client_id) VALUES (uuid_generate_v4(), 'de3a0001-0000-4000-8000-000000000001', '550e8400-e29b-41d4-a716-446655440012', '2026-05-13 18:00:00+02', 'OUT', 'de3a0001-0000-4000-8000-000000000001', '550e8400-e29b-41d4-a716-446655440001');
INSERT INTO checkins (id, employee_id, site_id, timestamp, type, created_by, client_id) VALUES (uuid_generate_v4(), 'de3a0001-0000-4000-8000-000000000001', '550e8400-e29b-41d4-a716-446655440012', '2026-05-14 09:00:00+02', 'IN', 'de3a0001-0000-4000-8000-000000000001', '550e8400-e29b-41d4-a716-446655440001');
INSERT INTO checkins (id, employee_id, site_id, timestamp, type, created_by, client_id) VALUES (uuid_generate_v4(), 'de3a0001-0000-4000-8000-000000000001', '550e8400-e29b-41d4-a716-446655440012', '2026-05-14 18:00:00+02', 'OUT', 'de3a0001-0000-4000-8000-000000000001', '550e8400-e29b-41d4-a716-446655440001');
INSERT INTO checkins (id, employee_id, site_id, timestamp, type, created_by, client_id) VALUES (uuid_generate_v4(), 'de3a0001-0000-4000-8000-000000000001', '550e8400-e29b-41d4-a716-446655440012', '2026-05-15 09:00:00+02', 'IN', 'de3a0001-0000-4000-8000-000000000001', '550e8400-e29b-41d4-a716-446655440001');
INSERT INTO checkins (id, employee_id, site_id, timestamp, type, created_by, client_id) VALUES (uuid_generate_v4(), 'de3a0001-0000-4000-8000-000000000001', '550e8400-e29b-41d4-a716-446655440012', '2026-05-15 18:00:00+02', 'OUT', 'de3a0001-0000-4000-8000-000000000001', '550e8400-e29b-41d4-a716-446655440001');
INSERT INTO checkins (id, employee_id, site_id, timestamp, type, created_by, client_id) VALUES (uuid_generate_v4(), 'de3a0001-0000-4000-8000-000000000001', '550e8400-e29b-41d4-a716-446655440012', '2026-05-18 09:00:00+02', 'IN', 'de3a0001-0000-4000-8000-000000000001', '550e8400-e29b-41d4-a716-446655440001');
INSERT INTO checkins (id, employee_id, site_id, timestamp, type, created_by, client_id) VALUES (uuid_generate_v4(), 'de3a0001-0000-4000-8000-000000000001', '550e8400-e29b-41d4-a716-446655440012', '2026-05-18 20:00:00+02', 'OUT', 'de3a0001-0000-4000-8000-000000000001', '550e8400-e29b-41d4-a716-446655440001');
INSERT INTO checkins (id, employee_id, site_id, timestamp, type, created_by, client_id) VALUES (uuid_generate_v4(), 'de3a0001-0000-4000-8000-000000000001', '550e8400-e29b-41d4-a716-446655440012', '2026-05-19 09:00:00+02', 'IN', 'de3a0001-0000-4000-8000-000000000001', '550e8400-e29b-41d4-a716-446655440001');
INSERT INTO checkins (id, employee_id, site_id, timestamp, type, created_by, client_id) VALUES (uuid_generate_v4(), 'de3a0001-0000-4000-8000-000000000001', '550e8400-e29b-41d4-a716-446655440012', '2026-05-19 18:00:00+02', 'OUT', 'de3a0001-0000-4000-8000-000000000001', '550e8400-e29b-41d4-a716-446655440001');
INSERT INTO checkins (id, employee_id, site_id, timestamp, type, created_by, client_id) VALUES (uuid_generate_v4(), 'de3a0001-0000-4000-8000-000000000001', '550e8400-e29b-41d4-a716-446655440012', '2026-05-20 09:00:00+02', 'IN', 'de3a0001-0000-4000-8000-000000000001', '550e8400-e29b-41d4-a716-446655440001');
INSERT INTO checkins (id, employee_id, site_id, timestamp, type, created_by, client_id) VALUES (uuid_generate_v4(), 'de3a0001-0000-4000-8000-000000000001', '550e8400-e29b-41d4-a716-446655440012', '2026-05-20 18:00:00+02', 'OUT', 'de3a0001-0000-4000-8000-000000000001', '550e8400-e29b-41d4-a716-446655440001');
INSERT INTO checkins (id, employee_id, site_id, timestamp, type, created_by, client_id) VALUES (uuid_generate_v4(), 'de3a0001-0000-4000-8000-000000000001', '550e8400-e29b-41d4-a716-446655440012', '2026-05-21 09:00:00+02', 'IN', 'de3a0001-0000-4000-8000-000000000001', '550e8400-e29b-41d4-a716-446655440001');
INSERT INTO checkins (id, employee_id, site_id, timestamp, type, created_by, client_id) VALUES (uuid_generate_v4(), 'de3a0001-0000-4000-8000-000000000001', '550e8400-e29b-41d4-a716-446655440012', '2026-05-21 18:00:00+02', 'OUT', 'de3a0001-0000-4000-8000-000000000001', '550e8400-e29b-41d4-a716-446655440001');
INSERT INTO checkins (id, employee_id, site_id, timestamp, type, created_by, client_id) VALUES (uuid_generate_v4(), 'de3a0001-0000-4000-8000-000000000001', '550e8400-e29b-41d4-a716-446655440012', '2026-05-22 09:00:00+02', 'IN', 'de3a0001-0000-4000-8000-000000000001', '550e8400-e29b-41d4-a716-446655440001');
INSERT INTO checkins (id, employee_id, site_id, timestamp, type, created_by, client_id) VALUES (uuid_generate_v4(), 'de3a0001-0000-4000-8000-000000000001', '550e8400-e29b-41d4-a716-446655440012', '2026-05-22 18:00:00+02', 'OUT', 'de3a0001-0000-4000-8000-000000000001', '550e8400-e29b-41d4-a716-446655440001');
INSERT INTO checkins (id, employee_id, site_id, timestamp, type, created_by, client_id) VALUES (uuid_generate_v4(), 'de3a0001-0000-4000-8000-000000000001', '550e8400-e29b-41d4-a716-446655440012', '2026-05-25 09:00:00+02', 'IN', 'de3a0001-0000-4000-8000-000000000001', '550e8400-e29b-41d4-a716-446655440001');
INSERT INTO checkins (id, employee_id, site_id, timestamp, type, created_by, client_id) VALUES (uuid_generate_v4(), 'de3a0001-0000-4000-8000-000000000001', '550e8400-e29b-41d4-a716-446655440012', '2026-05-25 18:00:00+02', 'OUT', 'de3a0001-0000-4000-8000-000000000001', '550e8400-e29b-41d4-a716-446655440001');
INSERT INTO checkins (id, employee_id, site_id, timestamp, type, created_by, client_id) VALUES (uuid_generate_v4(), 'de3a0001-0000-4000-8000-000000000001', '550e8400-e29b-41d4-a716-446655440012', '2026-05-26 09:00:00+02', 'IN', 'de3a0001-0000-4000-8000-000000000001', '550e8400-e29b-41d4-a716-446655440001');
INSERT INTO checkins (id, employee_id, site_id, timestamp, type, created_by, client_id) VALUES (uuid_generate_v4(), 'de3a0001-0000-4000-8000-000000000001', '550e8400-e29b-41d4-a716-446655440012', '2026-05-26 18:00:00+02', 'OUT', 'de3a0001-0000-4000-8000-000000000001', '550e8400-e29b-41d4-a716-446655440001');
INSERT INTO checkins (id, employee_id, site_id, timestamp, type, created_by, client_id) VALUES (uuid_generate_v4(), 'de3a0001-0000-4000-8000-000000000001', '550e8400-e29b-41d4-a716-446655440012', '2026-05-27 09:00:00+02', 'IN', 'de3a0001-0000-4000-8000-000000000001', '550e8400-e29b-41d4-a716-446655440001');
INSERT INTO checkins (id, employee_id, site_id, timestamp, type, created_by, client_id) VALUES (uuid_generate_v4(), 'de3a0001-0000-4000-8000-000000000001', '550e8400-e29b-41d4-a716-446655440012', '2026-05-27 18:00:00+02', 'OUT', 'de3a0001-0000-4000-8000-000000000001', '550e8400-e29b-41d4-a716-446655440001');
INSERT INTO checkins (id, employee_id, site_id, timestamp, type, created_by, client_id) VALUES (uuid_generate_v4(), 'de3a0001-0000-4000-8000-000000000001', '550e8400-e29b-41d4-a716-446655440012', '2026-05-28 09:00:00+02', 'IN', 'de3a0001-0000-4000-8000-000000000001', '550e8400-e29b-41d4-a716-446655440001');
INSERT INTO checkins (id, employee_id, site_id, timestamp, type, created_by, client_id) VALUES (uuid_generate_v4(), 'de3a0001-0000-4000-8000-000000000001', '550e8400-e29b-41d4-a716-446655440012', '2026-05-28 18:00:00+02', 'OUT', 'de3a0001-0000-4000-8000-000000000001', '550e8400-e29b-41d4-a716-446655440001');
INSERT INTO checkins (id, employee_id, site_id, timestamp, type, created_by, client_id) VALUES (uuid_generate_v4(), 'de3a0001-0000-4000-8000-000000000001', '550e8400-e29b-41d4-a716-446655440012', '2026-05-29 09:00:00+02', 'IN', 'de3a0001-0000-4000-8000-000000000001', '550e8400-e29b-41d4-a716-446655440001');
INSERT INTO checkins (id, employee_id, site_id, timestamp, type, created_by, client_id) VALUES (uuid_generate_v4(), 'de3a0001-0000-4000-8000-000000000001', '550e8400-e29b-41d4-a716-446655440012', '2026-05-29 18:00:00+02', 'OUT', 'de3a0001-0000-4000-8000-000000000001', '550e8400-e29b-41d4-a716-446655440001');
INSERT INTO checkins (id, employee_id, site_id, timestamp, type, created_by, client_id) VALUES (uuid_generate_v4(), 'de3a0001-0000-4000-8000-000000000002', '550e8400-e29b-41d4-a716-446655440012', '2026-05-01 09:00:00+02', 'IN', 'de3a0001-0000-4000-8000-000000000002', '550e8400-e29b-41d4-a716-446655440001');
INSERT INTO checkins (id, employee_id, site_id, timestamp, type, created_by, client_id) VALUES (uuid_generate_v4(), 'de3a0001-0000-4000-8000-000000000002', '550e8400-e29b-41d4-a716-446655440012', '2026-05-01 18:00:00+02', 'OUT', 'de3a0001-0000-4000-8000-000000000002', '550e8400-e29b-41d4-a716-446655440001');
INSERT INTO checkins (id, employee_id, site_id, timestamp, type, created_by, client_id) VALUES (uuid_generate_v4(), 'de3a0001-0000-4000-8000-000000000002', '550e8400-e29b-41d4-a716-446655440012', '2026-05-04 09:00:00+02', 'IN', 'de3a0001-0000-4000-8000-000000000002', '550e8400-e29b-41d4-a716-446655440001');
INSERT INTO checkins (id, employee_id, site_id, timestamp, type, created_by, client_id) VALUES (uuid_generate_v4(), 'de3a0001-0000-4000-8000-000000000002', '550e8400-e29b-41d4-a716-446655440012', '2026-05-04 18:00:00+02', 'OUT', 'de3a0001-0000-4000-8000-000000000002', '550e8400-e29b-41d4-a716-446655440001');
INSERT INTO checkins (id, employee_id, site_id, timestamp, type, created_by, client_id) VALUES (uuid_generate_v4(), 'de3a0001-0000-4000-8000-000000000002', '550e8400-e29b-41d4-a716-446655440012', '2026-05-05 09:00:00+02', 'IN', 'de3a0001-0000-4000-8000-000000000002', '550e8400-e29b-41d4-a716-446655440001');
INSERT INTO checkins (id, employee_id, site_id, timestamp, type, created_by, client_id) VALUES (uuid_generate_v4(), 'de3a0001-0000-4000-8000-000000000002', '550e8400-e29b-41d4-a716-446655440012', '2026-05-05 18:00:00+02', 'OUT', 'de3a0001-0000-4000-8000-000000000002', '550e8400-e29b-41d4-a716-446655440001');
INSERT INTO checkins (id, employee_id, site_id, timestamp, type, created_by, client_id) VALUES (uuid_generate_v4(), 'de3a0001-0000-4000-8000-000000000002', '550e8400-e29b-41d4-a716-446655440012', '2026-05-06 09:00:00+02', 'IN', 'de3a0001-0000-4000-8000-000000000002', '550e8400-e29b-41d4-a716-446655440001');
INSERT INTO checkins (id, employee_id, site_id, timestamp, type, created_by, client_id) VALUES (uuid_generate_v4(), 'de3a0001-0000-4000-8000-000000000002', '550e8400-e29b-41d4-a716-446655440012', '2026-05-06 18:00:00+02', 'OUT', 'de3a0001-0000-4000-8000-000000000002', '550e8400-e29b-41d4-a716-446655440001');
INSERT INTO checkins (id, employee_id, site_id, timestamp, type, created_by, client_id) VALUES (uuid_generate_v4(), 'de3a0001-0000-4000-8000-000000000002', '550e8400-e29b-41d4-a716-446655440012', '2026-05-07 09:00:00+02', 'IN', 'de3a0001-0000-4000-8000-000000000002', '550e8400-e29b-41d4-a716-446655440001');
INSERT INTO checkins (id, employee_id, site_id, timestamp, type, created_by, client_id) VALUES (uuid_generate_v4(), 'de3a0001-0000-4000-8000-000000000002', '550e8400-e29b-41d4-a716-446655440012', '2026-05-07 18:00:00+02', 'OUT', 'de3a0001-0000-4000-8000-000000000002', '550e8400-e29b-41d4-a716-446655440001');
INSERT INTO checkins (id, employee_id, site_id, timestamp, type, created_by, client_id) VALUES (uuid_generate_v4(), 'de3a0001-0000-4000-8000-000000000002', '550e8400-e29b-41d4-a716-446655440012', '2026-05-08 09:00:00+02', 'IN', 'de3a0001-0000-4000-8000-000000000002', '550e8400-e29b-41d4-a716-446655440001');
INSERT INTO checkins (id, employee_id, site_id, timestamp, type, created_by, client_id) VALUES (uuid_generate_v4(), 'de3a0001-0000-4000-8000-000000000002', '550e8400-e29b-41d4-a716-446655440012', '2026-05-08 18:00:00+02', 'OUT', 'de3a0001-0000-4000-8000-000000000002', '550e8400-e29b-41d4-a716-446655440001');
INSERT INTO checkins (id, employee_id, site_id, timestamp, type, created_by, client_id) VALUES (uuid_generate_v4(), 'de3a0001-0000-4000-8000-000000000002', '550e8400-e29b-41d4-a716-446655440012', '2026-05-14 09:00:00+02', 'IN', 'de3a0001-0000-4000-8000-000000000002', '550e8400-e29b-41d4-a716-446655440001');
INSERT INTO checkins (id, employee_id, site_id, timestamp, type, created_by, client_id) VALUES (uuid_generate_v4(), 'de3a0001-0000-4000-8000-000000000002', '550e8400-e29b-41d4-a716-446655440012', '2026-05-14 18:00:00+02', 'OUT', 'de3a0001-0000-4000-8000-000000000002', '550e8400-e29b-41d4-a716-446655440001');
INSERT INTO checkins (id, employee_id, site_id, timestamp, type, created_by, client_id) VALUES (uuid_generate_v4(), 'de3a0001-0000-4000-8000-000000000002', '550e8400-e29b-41d4-a716-446655440012', '2026-05-15 09:00:00+02', 'IN', 'de3a0001-0000-4000-8000-000000000002', '550e8400-e29b-41d4-a716-446655440001');
INSERT INTO checkins (id, employee_id, site_id, timestamp, type, created_by, client_id) VALUES (uuid_generate_v4(), 'de3a0001-0000-4000-8000-000000000002', '550e8400-e29b-41d4-a716-446655440012', '2026-05-15 18:00:00+02', 'OUT', 'de3a0001-0000-4000-8000-000000000002', '550e8400-e29b-41d4-a716-446655440001');
INSERT INTO checkins (id, employee_id, site_id, timestamp, type, created_by, client_id) VALUES (uuid_generate_v4(), 'de3a0001-0000-4000-8000-000000000002', '550e8400-e29b-41d4-a716-446655440012', '2026-05-18 09:00:00+02', 'IN', 'de3a0001-0000-4000-8000-000000000002', '550e8400-e29b-41d4-a716-446655440001');
INSERT INTO checkins (id, employee_id, site_id, timestamp, type, created_by, client_id) VALUES (uuid_generate_v4(), 'de3a0001-0000-4000-8000-000000000002', '550e8400-e29b-41d4-a716-446655440012', '2026-05-18 18:00:00+02', 'OUT', 'de3a0001-0000-4000-8000-000000000002', '550e8400-e29b-41d4-a716-446655440001');
INSERT INTO checkins (id, employee_id, site_id, timestamp, type, created_by, client_id) VALUES (uuid_generate_v4(), 'de3a0001-0000-4000-8000-000000000002', '550e8400-e29b-41d4-a716-446655440012', '2026-05-19 09:00:00+02', 'IN', 'de3a0001-0000-4000-8000-000000000002', '550e8400-e29b-41d4-a716-446655440001');
INSERT INTO checkins (id, employee_id, site_id, timestamp, type, created_by, client_id) VALUES (uuid_generate_v4(), 'de3a0001-0000-4000-8000-000000000002', '550e8400-e29b-41d4-a716-446655440012', '2026-05-19 18:00:00+02', 'OUT', 'de3a0001-0000-4000-8000-000000000002', '550e8400-e29b-41d4-a716-446655440001');
INSERT INTO checkins (id, employee_id, site_id, timestamp, type, created_by, client_id) VALUES (uuid_generate_v4(), 'de3a0001-0000-4000-8000-000000000002', '550e8400-e29b-41d4-a716-446655440012', '2026-05-20 09:00:00+02', 'IN', 'de3a0001-0000-4000-8000-000000000002', '550e8400-e29b-41d4-a716-446655440001');
INSERT INTO checkins (id, employee_id, site_id, timestamp, type, created_by, client_id) VALUES (uuid_generate_v4(), 'de3a0001-0000-4000-8000-000000000002', '550e8400-e29b-41d4-a716-446655440012', '2026-05-20 20:00:00+02', 'OUT', 'de3a0001-0000-4000-8000-000000000002', '550e8400-e29b-41d4-a716-446655440001');
INSERT INTO checkins (id, employee_id, site_id, timestamp, type, created_by, client_id) VALUES (uuid_generate_v4(), 'de3a0001-0000-4000-8000-000000000002', '550e8400-e29b-41d4-a716-446655440012', '2026-05-21 09:00:00+02', 'IN', 'de3a0001-0000-4000-8000-000000000002', '550e8400-e29b-41d4-a716-446655440001');
INSERT INTO checkins (id, employee_id, site_id, timestamp, type, created_by, client_id) VALUES (uuid_generate_v4(), 'de3a0001-0000-4000-8000-000000000002', '550e8400-e29b-41d4-a716-446655440012', '2026-05-21 18:00:00+02', 'OUT', 'de3a0001-0000-4000-8000-000000000002', '550e8400-e29b-41d4-a716-446655440001');
INSERT INTO checkins (id, employee_id, site_id, timestamp, type, created_by, client_id) VALUES (uuid_generate_v4(), 'de3a0001-0000-4000-8000-000000000002', '550e8400-e29b-41d4-a716-446655440012', '2026-05-22 09:00:00+02', 'IN', 'de3a0001-0000-4000-8000-000000000002', '550e8400-e29b-41d4-a716-446655440001');
INSERT INTO checkins (id, employee_id, site_id, timestamp, type, created_by, client_id) VALUES (uuid_generate_v4(), 'de3a0001-0000-4000-8000-000000000002', '550e8400-e29b-41d4-a716-446655440012', '2026-05-22 18:00:00+02', 'OUT', 'de3a0001-0000-4000-8000-000000000002', '550e8400-e29b-41d4-a716-446655440001');
INSERT INTO checkins (id, employee_id, site_id, timestamp, type, created_by, client_id) VALUES (uuid_generate_v4(), 'de3a0001-0000-4000-8000-000000000002', '550e8400-e29b-41d4-a716-446655440012', '2026-05-25 09:00:00+02', 'IN', 'de3a0001-0000-4000-8000-000000000002', '550e8400-e29b-41d4-a716-446655440001');
INSERT INTO checkins (id, employee_id, site_id, timestamp, type, created_by, client_id) VALUES (uuid_generate_v4(), 'de3a0001-0000-4000-8000-000000000002', '550e8400-e29b-41d4-a716-446655440012', '2026-05-25 18:00:00+02', 'OUT', 'de3a0001-0000-4000-8000-000000000002', '550e8400-e29b-41d4-a716-446655440001');
INSERT INTO checkins (id, employee_id, site_id, timestamp, type, created_by, client_id) VALUES (uuid_generate_v4(), 'de3a0001-0000-4000-8000-000000000002', '550e8400-e29b-41d4-a716-446655440012', '2026-05-26 09:00:00+02', 'IN', 'de3a0001-0000-4000-8000-000000000002', '550e8400-e29b-41d4-a716-446655440001');
INSERT INTO checkins (id, employee_id, site_id, timestamp, type, created_by, client_id) VALUES (uuid_generate_v4(), 'de3a0001-0000-4000-8000-000000000002', '550e8400-e29b-41d4-a716-446655440012', '2026-05-26 18:00:00+02', 'OUT', 'de3a0001-0000-4000-8000-000000000002', '550e8400-e29b-41d4-a716-446655440001');
INSERT INTO checkins (id, employee_id, site_id, timestamp, type, created_by, client_id) VALUES (uuid_generate_v4(), 'de3a0001-0000-4000-8000-000000000002', '550e8400-e29b-41d4-a716-446655440012', '2026-05-27 09:00:00+02', 'IN', 'de3a0001-0000-4000-8000-000000000002', '550e8400-e29b-41d4-a716-446655440001');
INSERT INTO checkins (id, employee_id, site_id, timestamp, type, created_by, client_id) VALUES (uuid_generate_v4(), 'de3a0001-0000-4000-8000-000000000002', '550e8400-e29b-41d4-a716-446655440012', '2026-05-27 18:00:00+02', 'OUT', 'de3a0001-0000-4000-8000-000000000002', '550e8400-e29b-41d4-a716-446655440001');
INSERT INTO checkins (id, employee_id, site_id, timestamp, type, created_by, client_id) VALUES (uuid_generate_v4(), 'de3a0001-0000-4000-8000-000000000002', '550e8400-e29b-41d4-a716-446655440012', '2026-05-28 09:00:00+02', 'IN', 'de3a0001-0000-4000-8000-000000000002', '550e8400-e29b-41d4-a716-446655440001');
INSERT INTO checkins (id, employee_id, site_id, timestamp, type, created_by, client_id) VALUES (uuid_generate_v4(), 'de3a0001-0000-4000-8000-000000000002', '550e8400-e29b-41d4-a716-446655440012', '2026-05-28 18:00:00+02', 'OUT', 'de3a0001-0000-4000-8000-000000000002', '550e8400-e29b-41d4-a716-446655440001');
INSERT INTO checkins (id, employee_id, site_id, timestamp, type, created_by, client_id) VALUES (uuid_generate_v4(), 'de3a0001-0000-4000-8000-000000000002', '550e8400-e29b-41d4-a716-446655440012', '2026-05-29 09:00:00+02', 'IN', 'de3a0001-0000-4000-8000-000000000002', '550e8400-e29b-41d4-a716-446655440001');
INSERT INTO checkins (id, employee_id, site_id, timestamp, type, created_by, client_id) VALUES (uuid_generate_v4(), 'de3a0001-0000-4000-8000-000000000002', '550e8400-e29b-41d4-a716-446655440012', '2026-05-29 18:00:00+02', 'OUT', 'de3a0001-0000-4000-8000-000000000002', '550e8400-e29b-41d4-a716-446655440001');
INSERT INTO checkins (id, employee_id, site_id, timestamp, type, created_by, client_id) VALUES (uuid_generate_v4(), 'de3a0001-0000-4000-8000-000000000003', '550e8400-e29b-41d4-a716-446655440012', '2026-05-01 09:00:00+02', 'IN', 'de3a0001-0000-4000-8000-000000000003', '550e8400-e29b-41d4-a716-446655440001');
INSERT INTO checkins (id, employee_id, site_id, timestamp, type, created_by, client_id) VALUES (uuid_generate_v4(), 'de3a0001-0000-4000-8000-000000000003', '550e8400-e29b-41d4-a716-446655440012', '2026-05-01 18:00:00+02', 'OUT', 'de3a0001-0000-4000-8000-000000000003', '550e8400-e29b-41d4-a716-446655440001');
INSERT INTO checkins (id, employee_id, site_id, timestamp, type, created_by, client_id) VALUES (uuid_generate_v4(), 'de3a0001-0000-4000-8000-000000000003', '550e8400-e29b-41d4-a716-446655440012', '2026-05-04 09:00:00+02', 'IN', 'de3a0001-0000-4000-8000-000000000003', '550e8400-e29b-41d4-a716-446655440001');
INSERT INTO checkins (id, employee_id, site_id, timestamp, type, created_by, client_id) VALUES (uuid_generate_v4(), 'de3a0001-0000-4000-8000-000000000003', '550e8400-e29b-41d4-a716-446655440012', '2026-05-04 18:00:00+02', 'OUT', 'de3a0001-0000-4000-8000-000000000003', '550e8400-e29b-41d4-a716-446655440001');
INSERT INTO checkins (id, employee_id, site_id, timestamp, type, created_by, client_id) VALUES (uuid_generate_v4(), 'de3a0001-0000-4000-8000-000000000003', '550e8400-e29b-41d4-a716-446655440012', '2026-05-05 09:00:00+02', 'IN', 'de3a0001-0000-4000-8000-000000000003', '550e8400-e29b-41d4-a716-446655440001');
INSERT INTO checkins (id, employee_id, site_id, timestamp, type, created_by, client_id) VALUES (uuid_generate_v4(), 'de3a0001-0000-4000-8000-000000000003', '550e8400-e29b-41d4-a716-446655440012', '2026-05-05 18:00:00+02', 'OUT', 'de3a0001-0000-4000-8000-000000000003', '550e8400-e29b-41d4-a716-446655440001');
INSERT INTO checkins (id, employee_id, site_id, timestamp, type, created_by, client_id) VALUES (uuid_generate_v4(), 'de3a0001-0000-4000-8000-000000000003', '550e8400-e29b-41d4-a716-446655440012', '2026-05-06 09:00:00+02', 'IN', 'de3a0001-0000-4000-8000-000000000003', '550e8400-e29b-41d4-a716-446655440001');
INSERT INTO checkins (id, employee_id, site_id, timestamp, type, created_by, client_id) VALUES (uuid_generate_v4(), 'de3a0001-0000-4000-8000-000000000003', '550e8400-e29b-41d4-a716-446655440012', '2026-05-06 20:00:00+02', 'OUT', 'de3a0001-0000-4000-8000-000000000003', '550e8400-e29b-41d4-a716-446655440001');
INSERT INTO checkins (id, employee_id, site_id, timestamp, type, created_by, client_id) VALUES (uuid_generate_v4(), 'de3a0001-0000-4000-8000-000000000003', '550e8400-e29b-41d4-a716-446655440012', '2026-05-07 09:00:00+02', 'IN', 'de3a0001-0000-4000-8000-000000000003', '550e8400-e29b-41d4-a716-446655440001');
INSERT INTO checkins (id, employee_id, site_id, timestamp, type, created_by, client_id) VALUES (uuid_generate_v4(), 'de3a0001-0000-4000-8000-000000000003', '550e8400-e29b-41d4-a716-446655440012', '2026-05-07 18:00:00+02', 'OUT', 'de3a0001-0000-4000-8000-000000000003', '550e8400-e29b-41d4-a716-446655440001');
INSERT INTO checkins (id, employee_id, site_id, timestamp, type, created_by, client_id) VALUES (uuid_generate_v4(), 'de3a0001-0000-4000-8000-000000000003', '550e8400-e29b-41d4-a716-446655440012', '2026-05-08 09:00:00+02', 'IN', 'de3a0001-0000-4000-8000-000000000003', '550e8400-e29b-41d4-a716-446655440001');
INSERT INTO checkins (id, employee_id, site_id, timestamp, type, created_by, client_id) VALUES (uuid_generate_v4(), 'de3a0001-0000-4000-8000-000000000003', '550e8400-e29b-41d4-a716-446655440012', '2026-05-08 18:00:00+02', 'OUT', 'de3a0001-0000-4000-8000-000000000003', '550e8400-e29b-41d4-a716-446655440001');
INSERT INTO checkins (id, employee_id, site_id, timestamp, type, created_by, client_id) VALUES (uuid_generate_v4(), 'de3a0001-0000-4000-8000-000000000003', '550e8400-e29b-41d4-a716-446655440012', '2026-05-11 09:00:00+02', 'IN', 'de3a0001-0000-4000-8000-000000000003', '550e8400-e29b-41d4-a716-446655440001');
INSERT INTO checkins (id, employee_id, site_id, timestamp, type, created_by, client_id) VALUES (uuid_generate_v4(), 'de3a0001-0000-4000-8000-000000000003', '550e8400-e29b-41d4-a716-446655440012', '2026-05-11 18:00:00+02', 'OUT', 'de3a0001-0000-4000-8000-000000000003', '550e8400-e29b-41d4-a716-446655440001');
INSERT INTO checkins (id, employee_id, site_id, timestamp, type, created_by, client_id) VALUES (uuid_generate_v4(), 'de3a0001-0000-4000-8000-000000000003', '550e8400-e29b-41d4-a716-446655440012', '2026-05-12 09:00:00+02', 'IN', 'de3a0001-0000-4000-8000-000000000003', '550e8400-e29b-41d4-a716-446655440001');
INSERT INTO checkins (id, employee_id, site_id, timestamp, type, created_by, client_id) VALUES (uuid_generate_v4(), 'de3a0001-0000-4000-8000-000000000003', '550e8400-e29b-41d4-a716-446655440012', '2026-05-12 18:00:00+02', 'OUT', 'de3a0001-0000-4000-8000-000000000003', '550e8400-e29b-41d4-a716-446655440001');
INSERT INTO checkins (id, employee_id, site_id, timestamp, type, created_by, client_id) VALUES (uuid_generate_v4(), 'de3a0001-0000-4000-8000-000000000003', '550e8400-e29b-41d4-a716-446655440012', '2026-05-13 09:00:00+02', 'IN', 'de3a0001-0000-4000-8000-000000000003', '550e8400-e29b-41d4-a716-446655440001');
INSERT INTO checkins (id, employee_id, site_id, timestamp, type, created_by, client_id) VALUES (uuid_generate_v4(), 'de3a0001-0000-4000-8000-000000000003', '550e8400-e29b-41d4-a716-446655440012', '2026-05-13 18:00:00+02', 'OUT', 'de3a0001-0000-4000-8000-000000000003', '550e8400-e29b-41d4-a716-446655440001');
INSERT INTO checkins (id, employee_id, site_id, timestamp, type, created_by, client_id) VALUES (uuid_generate_v4(), 'de3a0001-0000-4000-8000-000000000003', '550e8400-e29b-41d4-a716-446655440012', '2026-05-14 09:00:00+02', 'IN', 'de3a0001-0000-4000-8000-000000000003', '550e8400-e29b-41d4-a716-446655440001');
INSERT INTO checkins (id, employee_id, site_id, timestamp, type, created_by, client_id) VALUES (uuid_generate_v4(), 'de3a0001-0000-4000-8000-000000000003', '550e8400-e29b-41d4-a716-446655440012', '2026-05-14 18:00:00+02', 'OUT', 'de3a0001-0000-4000-8000-000000000003', '550e8400-e29b-41d4-a716-446655440001');
INSERT INTO checkins (id, employee_id, site_id, timestamp, type, created_by, client_id) VALUES (uuid_generate_v4(), 'de3a0001-0000-4000-8000-000000000003', '550e8400-e29b-41d4-a716-446655440012', '2026-05-15 09:00:00+02', 'IN', 'de3a0001-0000-4000-8000-000000000003', '550e8400-e29b-41d4-a716-446655440001');
INSERT INTO checkins (id, employee_id, site_id, timestamp, type, created_by, client_id) VALUES (uuid_generate_v4(), 'de3a0001-0000-4000-8000-000000000003', '550e8400-e29b-41d4-a716-446655440012', '2026-05-15 18:00:00+02', 'OUT', 'de3a0001-0000-4000-8000-000000000003', '550e8400-e29b-41d4-a716-446655440001');
INSERT INTO checkins (id, employee_id, site_id, timestamp, type, created_by, client_id) VALUES (uuid_generate_v4(), 'de3a0001-0000-4000-8000-000000000003', '550e8400-e29b-41d4-a716-446655440012', '2026-05-18 09:00:00+02', 'IN', 'de3a0001-0000-4000-8000-000000000003', '550e8400-e29b-41d4-a716-446655440001');
INSERT INTO checkins (id, employee_id, site_id, timestamp, type, created_by, client_id) VALUES (uuid_generate_v4(), 'de3a0001-0000-4000-8000-000000000003', '550e8400-e29b-41d4-a716-446655440012', '2026-05-18 18:00:00+02', 'OUT', 'de3a0001-0000-4000-8000-000000000003', '550e8400-e29b-41d4-a716-446655440001');
INSERT INTO checkins (id, employee_id, site_id, timestamp, type, created_by, client_id) VALUES (uuid_generate_v4(), 'de3a0001-0000-4000-8000-000000000003', '550e8400-e29b-41d4-a716-446655440012', '2026-05-19 09:00:00+02', 'IN', 'de3a0001-0000-4000-8000-000000000003', '550e8400-e29b-41d4-a716-446655440001');
INSERT INTO checkins (id, employee_id, site_id, timestamp, type, created_by, client_id) VALUES (uuid_generate_v4(), 'de3a0001-0000-4000-8000-000000000003', '550e8400-e29b-41d4-a716-446655440012', '2026-05-19 18:00:00+02', 'OUT', 'de3a0001-0000-4000-8000-000000000003', '550e8400-e29b-41d4-a716-446655440001');
INSERT INTO checkins (id, employee_id, site_id, timestamp, type, created_by, client_id) VALUES (uuid_generate_v4(), 'de3a0001-0000-4000-8000-000000000003', '550e8400-e29b-41d4-a716-446655440012', '2026-05-20 09:00:00+02', 'IN', 'de3a0001-0000-4000-8000-000000000003', '550e8400-e29b-41d4-a716-446655440001');
INSERT INTO checkins (id, employee_id, site_id, timestamp, type, created_by, client_id) VALUES (uuid_generate_v4(), 'de3a0001-0000-4000-8000-000000000003', '550e8400-e29b-41d4-a716-446655440012', '2026-05-20 18:00:00+02', 'OUT', 'de3a0001-0000-4000-8000-000000000003', '550e8400-e29b-41d4-a716-446655440001');
INSERT INTO checkins (id, employee_id, site_id, timestamp, type, created_by, client_id) VALUES (uuid_generate_v4(), 'de3a0001-0000-4000-8000-000000000003', '550e8400-e29b-41d4-a716-446655440012', '2026-05-21 09:00:00+02', 'IN', 'de3a0001-0000-4000-8000-000000000003', '550e8400-e29b-41d4-a716-446655440001');
INSERT INTO checkins (id, employee_id, site_id, timestamp, type, created_by, client_id) VALUES (uuid_generate_v4(), 'de3a0001-0000-4000-8000-000000000003', '550e8400-e29b-41d4-a716-446655440012', '2026-05-21 18:00:00+02', 'OUT', 'de3a0001-0000-4000-8000-000000000003', '550e8400-e29b-41d4-a716-446655440001');
INSERT INTO checkins (id, employee_id, site_id, timestamp, type, created_by, client_id) VALUES (uuid_generate_v4(), 'de3a0001-0000-4000-8000-000000000003', '550e8400-e29b-41d4-a716-446655440012', '2026-05-22 09:00:00+02', 'IN', 'de3a0001-0000-4000-8000-000000000003', '550e8400-e29b-41d4-a716-446655440001');
INSERT INTO checkins (id, employee_id, site_id, timestamp, type, created_by, client_id) VALUES (uuid_generate_v4(), 'de3a0001-0000-4000-8000-000000000003', '550e8400-e29b-41d4-a716-446655440012', '2026-05-22 18:00:00+02', 'OUT', 'de3a0001-0000-4000-8000-000000000003', '550e8400-e29b-41d4-a716-446655440001');
INSERT INTO checkins (id, employee_id, site_id, timestamp, type, created_by, client_id) VALUES (uuid_generate_v4(), 'de3a0001-0000-4000-8000-000000000003', '550e8400-e29b-41d4-a716-446655440012', '2026-05-28 09:00:00+02', 'IN', 'de3a0001-0000-4000-8000-000000000003', '550e8400-e29b-41d4-a716-446655440001');
INSERT INTO checkins (id, employee_id, site_id, timestamp, type, created_by, client_id) VALUES (uuid_generate_v4(), 'de3a0001-0000-4000-8000-000000000003', '550e8400-e29b-41d4-a716-446655440012', '2026-05-28 18:00:00+02', 'OUT', 'de3a0001-0000-4000-8000-000000000003', '550e8400-e29b-41d4-a716-446655440001');
INSERT INTO checkins (id, employee_id, site_id, timestamp, type, created_by, client_id) VALUES (uuid_generate_v4(), 'de3a0001-0000-4000-8000-000000000003', '550e8400-e29b-41d4-a716-446655440012', '2026-05-29 09:00:00+02', 'IN', 'de3a0001-0000-4000-8000-000000000003', '550e8400-e29b-41d4-a716-446655440001');
INSERT INTO checkins (id, employee_id, site_id, timestamp, type, created_by, client_id) VALUES (uuid_generate_v4(), 'de3a0001-0000-4000-8000-000000000003', '550e8400-e29b-41d4-a716-446655440012', '2026-05-29 18:00:00+02', 'OUT', 'de3a0001-0000-4000-8000-000000000003', '550e8400-e29b-41d4-a716-446655440001');
INSERT INTO checkins (id, employee_id, site_id, timestamp, type, created_by, client_id) VALUES (uuid_generate_v4(), 'de3a0001-0000-4000-8000-000000000004', '550e8400-e29b-41d4-a716-446655440012', '2026-05-01 09:00:00+02', 'IN', 'de3a0001-0000-4000-8000-000000000004', '550e8400-e29b-41d4-a716-446655440001');
INSERT INTO checkins (id, employee_id, site_id, timestamp, type, created_by, client_id) VALUES (uuid_generate_v4(), 'de3a0001-0000-4000-8000-000000000004', '550e8400-e29b-41d4-a716-446655440012', '2026-05-01 18:00:00+02', 'OUT', 'de3a0001-0000-4000-8000-000000000004', '550e8400-e29b-41d4-a716-446655440001');
INSERT INTO checkins (id, employee_id, site_id, timestamp, type, created_by, client_id) VALUES (uuid_generate_v4(), 'de3a0001-0000-4000-8000-000000000004', '550e8400-e29b-41d4-a716-446655440012', '2026-05-04 09:00:00+02', 'IN', 'de3a0001-0000-4000-8000-000000000004', '550e8400-e29b-41d4-a716-446655440001');
INSERT INTO checkins (id, employee_id, site_id, timestamp, type, created_by, client_id) VALUES (uuid_generate_v4(), 'de3a0001-0000-4000-8000-000000000004', '550e8400-e29b-41d4-a716-446655440012', '2026-05-04 18:00:00+02', 'OUT', 'de3a0001-0000-4000-8000-000000000004', '550e8400-e29b-41d4-a716-446655440001');
INSERT INTO checkins (id, employee_id, site_id, timestamp, type, created_by, client_id) VALUES (uuid_generate_v4(), 'de3a0001-0000-4000-8000-000000000004', '550e8400-e29b-41d4-a716-446655440012', '2026-05-05 09:00:00+02', 'IN', 'de3a0001-0000-4000-8000-000000000004', '550e8400-e29b-41d4-a716-446655440001');
INSERT INTO checkins (id, employee_id, site_id, timestamp, type, created_by, client_id) VALUES (uuid_generate_v4(), 'de3a0001-0000-4000-8000-000000000004', '550e8400-e29b-41d4-a716-446655440012', '2026-05-05 18:00:00+02', 'OUT', 'de3a0001-0000-4000-8000-000000000004', '550e8400-e29b-41d4-a716-446655440001');
INSERT INTO checkins (id, employee_id, site_id, timestamp, type, created_by, client_id) VALUES (uuid_generate_v4(), 'de3a0001-0000-4000-8000-000000000004', '550e8400-e29b-41d4-a716-446655440012', '2026-05-06 09:00:00+02', 'IN', 'de3a0001-0000-4000-8000-000000000004', '550e8400-e29b-41d4-a716-446655440001');
INSERT INTO checkins (id, employee_id, site_id, timestamp, type, created_by, client_id) VALUES (uuid_generate_v4(), 'de3a0001-0000-4000-8000-000000000004', '550e8400-e29b-41d4-a716-446655440012', '2026-05-06 20:00:00+02', 'OUT', 'de3a0001-0000-4000-8000-000000000004', '550e8400-e29b-41d4-a716-446655440001');
INSERT INTO checkins (id, employee_id, site_id, timestamp, type, created_by, client_id) VALUES (uuid_generate_v4(), 'de3a0001-0000-4000-8000-000000000004', '550e8400-e29b-41d4-a716-446655440012', '2026-05-07 09:00:00+02', 'IN', 'de3a0001-0000-4000-8000-000000000004', '550e8400-e29b-41d4-a716-446655440001');
INSERT INTO checkins (id, employee_id, site_id, timestamp, type, created_by, client_id) VALUES (uuid_generate_v4(), 'de3a0001-0000-4000-8000-000000000004', '550e8400-e29b-41d4-a716-446655440012', '2026-05-07 18:00:00+02', 'OUT', 'de3a0001-0000-4000-8000-000000000004', '550e8400-e29b-41d4-a716-446655440001');
INSERT INTO checkins (id, employee_id, site_id, timestamp, type, created_by, client_id) VALUES (uuid_generate_v4(), 'de3a0001-0000-4000-8000-000000000004', '550e8400-e29b-41d4-a716-446655440012', '2026-05-08 09:00:00+02', 'IN', 'de3a0001-0000-4000-8000-000000000004', '550e8400-e29b-41d4-a716-446655440001');
INSERT INTO checkins (id, employee_id, site_id, timestamp, type, created_by, client_id) VALUES (uuid_generate_v4(), 'de3a0001-0000-4000-8000-000000000004', '550e8400-e29b-41d4-a716-446655440012', '2026-05-08 18:00:00+02', 'OUT', 'de3a0001-0000-4000-8000-000000000004', '550e8400-e29b-41d4-a716-446655440001');
INSERT INTO checkins (id, employee_id, site_id, timestamp, type, created_by, client_id) VALUES (uuid_generate_v4(), 'de3a0001-0000-4000-8000-000000000004', '550e8400-e29b-41d4-a716-446655440012', '2026-05-11 09:00:00+02', 'IN', 'de3a0001-0000-4000-8000-000000000004', '550e8400-e29b-41d4-a716-446655440001');
INSERT INTO checkins (id, employee_id, site_id, timestamp, type, created_by, client_id) VALUES (uuid_generate_v4(), 'de3a0001-0000-4000-8000-000000000004', '550e8400-e29b-41d4-a716-446655440012', '2026-05-11 18:00:00+02', 'OUT', 'de3a0001-0000-4000-8000-000000000004', '550e8400-e29b-41d4-a716-446655440001');
INSERT INTO checkins (id, employee_id, site_id, timestamp, type, created_by, client_id) VALUES (uuid_generate_v4(), 'de3a0001-0000-4000-8000-000000000004', '550e8400-e29b-41d4-a716-446655440012', '2026-05-12 09:00:00+02', 'IN', 'de3a0001-0000-4000-8000-000000000004', '550e8400-e29b-41d4-a716-446655440001');
INSERT INTO checkins (id, employee_id, site_id, timestamp, type, created_by, client_id) VALUES (uuid_generate_v4(), 'de3a0001-0000-4000-8000-000000000004', '550e8400-e29b-41d4-a716-446655440012', '2026-05-12 18:00:00+02', 'OUT', 'de3a0001-0000-4000-8000-000000000004', '550e8400-e29b-41d4-a716-446655440001');
INSERT INTO checkins (id, employee_id, site_id, timestamp, type, created_by, client_id) VALUES (uuid_generate_v4(), 'de3a0001-0000-4000-8000-000000000004', '550e8400-e29b-41d4-a716-446655440012', '2026-05-13 09:00:00+02', 'IN', 'de3a0001-0000-4000-8000-000000000004', '550e8400-e29b-41d4-a716-446655440001');
INSERT INTO checkins (id, employee_id, site_id, timestamp, type, created_by, client_id) VALUES (uuid_generate_v4(), 'de3a0001-0000-4000-8000-000000000004', '550e8400-e29b-41d4-a716-446655440012', '2026-05-13 20:00:00+02', 'OUT', 'de3a0001-0000-4000-8000-000000000004', '550e8400-e29b-41d4-a716-446655440001');
INSERT INTO checkins (id, employee_id, site_id, timestamp, type, created_by, client_id) VALUES (uuid_generate_v4(), 'de3a0001-0000-4000-8000-000000000004', '550e8400-e29b-41d4-a716-446655440012', '2026-05-14 09:00:00+02', 'IN', 'de3a0001-0000-4000-8000-000000000004', '550e8400-e29b-41d4-a716-446655440001');
INSERT INTO checkins (id, employee_id, site_id, timestamp, type, created_by, client_id) VALUES (uuid_generate_v4(), 'de3a0001-0000-4000-8000-000000000004', '550e8400-e29b-41d4-a716-446655440012', '2026-05-14 18:00:00+02', 'OUT', 'de3a0001-0000-4000-8000-000000000004', '550e8400-e29b-41d4-a716-446655440001');
INSERT INTO checkins (id, employee_id, site_id, timestamp, type, created_by, client_id) VALUES (uuid_generate_v4(), 'de3a0001-0000-4000-8000-000000000004', '550e8400-e29b-41d4-a716-446655440012', '2026-05-15 09:00:00+02', 'IN', 'de3a0001-0000-4000-8000-000000000004', '550e8400-e29b-41d4-a716-446655440001');
INSERT INTO checkins (id, employee_id, site_id, timestamp, type, created_by, client_id) VALUES (uuid_generate_v4(), 'de3a0001-0000-4000-8000-000000000004', '550e8400-e29b-41d4-a716-446655440012', '2026-05-15 18:00:00+02', 'OUT', 'de3a0001-0000-4000-8000-000000000004', '550e8400-e29b-41d4-a716-446655440001');
INSERT INTO checkins (id, employee_id, site_id, timestamp, type, created_by, client_id) VALUES (uuid_generate_v4(), 'de3a0001-0000-4000-8000-000000000004', '550e8400-e29b-41d4-a716-446655440012', '2026-05-18 09:00:00+02', 'IN', 'de3a0001-0000-4000-8000-000000000004', '550e8400-e29b-41d4-a716-446655440001');
INSERT INTO checkins (id, employee_id, site_id, timestamp, type, created_by, client_id) VALUES (uuid_generate_v4(), 'de3a0001-0000-4000-8000-000000000004', '550e8400-e29b-41d4-a716-446655440012', '2026-05-18 18:00:00+02', 'OUT', 'de3a0001-0000-4000-8000-000000000004', '550e8400-e29b-41d4-a716-446655440001');
INSERT INTO checkins (id, employee_id, site_id, timestamp, type, created_by, client_id) VALUES (uuid_generate_v4(), 'de3a0001-0000-4000-8000-000000000004', '550e8400-e29b-41d4-a716-446655440012', '2026-05-19 09:00:00+02', 'IN', 'de3a0001-0000-4000-8000-000000000004', '550e8400-e29b-41d4-a716-446655440001');
INSERT INTO checkins (id, employee_id, site_id, timestamp, type, created_by, client_id) VALUES (uuid_generate_v4(), 'de3a0001-0000-4000-8000-000000000004', '550e8400-e29b-41d4-a716-446655440012', '2026-05-19 18:00:00+02', 'OUT', 'de3a0001-0000-4000-8000-000000000004', '550e8400-e29b-41d4-a716-446655440001');
INSERT INTO checkins (id, employee_id, site_id, timestamp, type, created_by, client_id) VALUES (uuid_generate_v4(), 'de3a0001-0000-4000-8000-000000000004', '550e8400-e29b-41d4-a716-446655440012', '2026-05-20 09:00:00+02', 'IN', 'de3a0001-0000-4000-8000-000000000004', '550e8400-e29b-41d4-a716-446655440001');
INSERT INTO checkins (id, employee_id, site_id, timestamp, type, created_by, client_id) VALUES (uuid_generate_v4(), 'de3a0001-0000-4000-8000-000000000004', '550e8400-e29b-41d4-a716-446655440012', '2026-05-20 18:00:00+02', 'OUT', 'de3a0001-0000-4000-8000-000000000004', '550e8400-e29b-41d4-a716-446655440001');
INSERT INTO checkins (id, employee_id, site_id, timestamp, type, created_by, client_id) VALUES (uuid_generate_v4(), 'de3a0001-0000-4000-8000-000000000004', '550e8400-e29b-41d4-a716-446655440012', '2026-05-21 09:00:00+02', 'IN', 'de3a0001-0000-4000-8000-000000000004', '550e8400-e29b-41d4-a716-446655440001');
INSERT INTO checkins (id, employee_id, site_id, timestamp, type, created_by, client_id) VALUES (uuid_generate_v4(), 'de3a0001-0000-4000-8000-000000000004', '550e8400-e29b-41d4-a716-446655440012', '2026-05-21 18:00:00+02', 'OUT', 'de3a0001-0000-4000-8000-000000000004', '550e8400-e29b-41d4-a716-446655440001');
INSERT INTO checkins (id, employee_id, site_id, timestamp, type, created_by, client_id) VALUES (uuid_generate_v4(), 'de3a0001-0000-4000-8000-000000000004', '550e8400-e29b-41d4-a716-446655440012', '2026-05-22 09:00:00+02', 'IN', 'de3a0001-0000-4000-8000-000000000004', '550e8400-e29b-41d4-a716-446655440001');
INSERT INTO checkins (id, employee_id, site_id, timestamp, type, created_by, client_id) VALUES (uuid_generate_v4(), 'de3a0001-0000-4000-8000-000000000004', '550e8400-e29b-41d4-a716-446655440012', '2026-05-22 18:00:00+02', 'OUT', 'de3a0001-0000-4000-8000-000000000004', '550e8400-e29b-41d4-a716-446655440001');
INSERT INTO checkins (id, employee_id, site_id, timestamp, type, created_by, client_id) VALUES (uuid_generate_v4(), 'de3a0001-0000-4000-8000-000000000004', '550e8400-e29b-41d4-a716-446655440012', '2026-05-25 09:00:00+02', 'IN', 'de3a0001-0000-4000-8000-000000000004', '550e8400-e29b-41d4-a716-446655440001');
INSERT INTO checkins (id, employee_id, site_id, timestamp, type, created_by, client_id) VALUES (uuid_generate_v4(), 'de3a0001-0000-4000-8000-000000000004', '550e8400-e29b-41d4-a716-446655440012', '2026-05-25 18:00:00+02', 'OUT', 'de3a0001-0000-4000-8000-000000000004', '550e8400-e29b-41d4-a716-446655440001');
INSERT INTO checkins (id, employee_id, site_id, timestamp, type, created_by, client_id) VALUES (uuid_generate_v4(), 'de3a0001-0000-4000-8000-000000000004', '550e8400-e29b-41d4-a716-446655440012', '2026-05-26 09:00:00+02', 'IN', 'de3a0001-0000-4000-8000-000000000004', '550e8400-e29b-41d4-a716-446655440001');
INSERT INTO checkins (id, employee_id, site_id, timestamp, type, created_by, client_id) VALUES (uuid_generate_v4(), 'de3a0001-0000-4000-8000-000000000004', '550e8400-e29b-41d4-a716-446655440012', '2026-05-26 18:00:00+02', 'OUT', 'de3a0001-0000-4000-8000-000000000004', '550e8400-e29b-41d4-a716-446655440001');
INSERT INTO checkins (id, employee_id, site_id, timestamp, type, created_by, client_id) VALUES (uuid_generate_v4(), 'de3a0001-0000-4000-8000-000000000004', '550e8400-e29b-41d4-a716-446655440012', '2026-05-27 09:00:00+02', 'IN', 'de3a0001-0000-4000-8000-000000000004', '550e8400-e29b-41d4-a716-446655440001');
INSERT INTO checkins (id, employee_id, site_id, timestamp, type, created_by, client_id) VALUES (uuid_generate_v4(), 'de3a0001-0000-4000-8000-000000000004', '550e8400-e29b-41d4-a716-446655440012', '2026-05-27 20:00:00+02', 'OUT', 'de3a0001-0000-4000-8000-000000000004', '550e8400-e29b-41d4-a716-446655440001');
INSERT INTO checkins (id, employee_id, site_id, timestamp, type, created_by, client_id) VALUES (uuid_generate_v4(), 'de3a0001-0000-4000-8000-000000000004', '550e8400-e29b-41d4-a716-446655440012', '2026-05-28 09:00:00+02', 'IN', 'de3a0001-0000-4000-8000-000000000004', '550e8400-e29b-41d4-a716-446655440001');
INSERT INTO checkins (id, employee_id, site_id, timestamp, type, created_by, client_id) VALUES (uuid_generate_v4(), 'de3a0001-0000-4000-8000-000000000004', '550e8400-e29b-41d4-a716-446655440012', '2026-05-28 18:00:00+02', 'OUT', 'de3a0001-0000-4000-8000-000000000004', '550e8400-e29b-41d4-a716-446655440001');
INSERT INTO checkins (id, employee_id, site_id, timestamp, type, created_by, client_id) VALUES (uuid_generate_v4(), 'de3a0001-0000-4000-8000-000000000004', '550e8400-e29b-41d4-a716-446655440012', '2026-05-29 09:00:00+02', 'IN', 'de3a0001-0000-4000-8000-000000000004', '550e8400-e29b-41d4-a716-446655440001');
INSERT INTO checkins (id, employee_id, site_id, timestamp, type, created_by, client_id) VALUES (uuid_generate_v4(), 'de3a0001-0000-4000-8000-000000000004', '550e8400-e29b-41d4-a716-446655440012', '2026-05-29 18:00:00+02', 'OUT', 'de3a0001-0000-4000-8000-000000000004', '550e8400-e29b-41d4-a716-446655440001');
INSERT INTO checkins (id, employee_id, site_id, timestamp, type, created_by, client_id) VALUES (uuid_generate_v4(), 'de3a0001-0000-4000-8000-000000000005', 'e1337fab-ba3f-4332-bb06-57c9df15b067', '2026-05-01 09:00:00+02', 'IN', 'de3a0001-0000-4000-8000-000000000005', '550e8400-e29b-41d4-a716-446655440001');
INSERT INTO checkins (id, employee_id, site_id, timestamp, type, created_by, client_id) VALUES (uuid_generate_v4(), 'de3a0001-0000-4000-8000-000000000005', 'e1337fab-ba3f-4332-bb06-57c9df15b067', '2026-05-01 18:00:00+02', 'OUT', 'de3a0001-0000-4000-8000-000000000005', '550e8400-e29b-41d4-a716-446655440001');
INSERT INTO checkins (id, employee_id, site_id, timestamp, type, created_by, client_id) VALUES (uuid_generate_v4(), 'de3a0001-0000-4000-8000-000000000005', 'e1337fab-ba3f-4332-bb06-57c9df15b067', '2026-05-04 09:00:00+02', 'IN', 'de3a0001-0000-4000-8000-000000000005', '550e8400-e29b-41d4-a716-446655440001');
INSERT INTO checkins (id, employee_id, site_id, timestamp, type, created_by, client_id) VALUES (uuid_generate_v4(), 'de3a0001-0000-4000-8000-000000000005', 'e1337fab-ba3f-4332-bb06-57c9df15b067', '2026-05-04 18:00:00+02', 'OUT', 'de3a0001-0000-4000-8000-000000000005', '550e8400-e29b-41d4-a716-446655440001');
INSERT INTO checkins (id, employee_id, site_id, timestamp, type, created_by, client_id) VALUES (uuid_generate_v4(), 'de3a0001-0000-4000-8000-000000000005', 'e1337fab-ba3f-4332-bb06-57c9df15b067', '2026-05-05 09:00:00+02', 'IN', 'de3a0001-0000-4000-8000-000000000005', '550e8400-e29b-41d4-a716-446655440001');
INSERT INTO checkins (id, employee_id, site_id, timestamp, type, created_by, client_id) VALUES (uuid_generate_v4(), 'de3a0001-0000-4000-8000-000000000005', 'e1337fab-ba3f-4332-bb06-57c9df15b067', '2026-05-05 18:00:00+02', 'OUT', 'de3a0001-0000-4000-8000-000000000005', '550e8400-e29b-41d4-a716-446655440001');
INSERT INTO checkins (id, employee_id, site_id, timestamp, type, created_by, client_id) VALUES (uuid_generate_v4(), 'de3a0001-0000-4000-8000-000000000005', 'e1337fab-ba3f-4332-bb06-57c9df15b067', '2026-05-06 09:00:00+02', 'IN', 'de3a0001-0000-4000-8000-000000000005', '550e8400-e29b-41d4-a716-446655440001');
INSERT INTO checkins (id, employee_id, site_id, timestamp, type, created_by, client_id) VALUES (uuid_generate_v4(), 'de3a0001-0000-4000-8000-000000000005', 'e1337fab-ba3f-4332-bb06-57c9df15b067', '2026-05-06 18:00:00+02', 'OUT', 'de3a0001-0000-4000-8000-000000000005', '550e8400-e29b-41d4-a716-446655440001');
INSERT INTO checkins (id, employee_id, site_id, timestamp, type, created_by, client_id) VALUES (uuid_generate_v4(), 'de3a0001-0000-4000-8000-000000000005', 'e1337fab-ba3f-4332-bb06-57c9df15b067', '2026-05-07 09:00:00+02', 'IN', 'de3a0001-0000-4000-8000-000000000005', '550e8400-e29b-41d4-a716-446655440001');
INSERT INTO checkins (id, employee_id, site_id, timestamp, type, created_by, client_id) VALUES (uuid_generate_v4(), 'de3a0001-0000-4000-8000-000000000005', 'e1337fab-ba3f-4332-bb06-57c9df15b067', '2026-05-07 18:00:00+02', 'OUT', 'de3a0001-0000-4000-8000-000000000005', '550e8400-e29b-41d4-a716-446655440001');
INSERT INTO checkins (id, employee_id, site_id, timestamp, type, created_by, client_id) VALUES (uuid_generate_v4(), 'de3a0001-0000-4000-8000-000000000005', 'e1337fab-ba3f-4332-bb06-57c9df15b067', '2026-05-08 09:00:00+02', 'IN', 'de3a0001-0000-4000-8000-000000000005', '550e8400-e29b-41d4-a716-446655440001');
INSERT INTO checkins (id, employee_id, site_id, timestamp, type, created_by, client_id) VALUES (uuid_generate_v4(), 'de3a0001-0000-4000-8000-000000000005', 'e1337fab-ba3f-4332-bb06-57c9df15b067', '2026-05-08 18:00:00+02', 'OUT', 'de3a0001-0000-4000-8000-000000000005', '550e8400-e29b-41d4-a716-446655440001');
INSERT INTO checkins (id, employee_id, site_id, timestamp, type, created_by, client_id) VALUES (uuid_generate_v4(), 'de3a0001-0000-4000-8000-000000000005', 'e1337fab-ba3f-4332-bb06-57c9df15b067', '2026-05-11 09:00:00+02', 'IN', 'de3a0001-0000-4000-8000-000000000005', '550e8400-e29b-41d4-a716-446655440001');
INSERT INTO checkins (id, employee_id, site_id, timestamp, type, created_by, client_id) VALUES (uuid_generate_v4(), 'de3a0001-0000-4000-8000-000000000005', 'e1337fab-ba3f-4332-bb06-57c9df15b067', '2026-05-11 18:00:00+02', 'OUT', 'de3a0001-0000-4000-8000-000000000005', '550e8400-e29b-41d4-a716-446655440001');
INSERT INTO checkins (id, employee_id, site_id, timestamp, type, created_by, client_id) VALUES (uuid_generate_v4(), 'de3a0001-0000-4000-8000-000000000005', 'e1337fab-ba3f-4332-bb06-57c9df15b067', '2026-05-12 09:00:00+02', 'IN', 'de3a0001-0000-4000-8000-000000000005', '550e8400-e29b-41d4-a716-446655440001');
INSERT INTO checkins (id, employee_id, site_id, timestamp, type, created_by, client_id) VALUES (uuid_generate_v4(), 'de3a0001-0000-4000-8000-000000000005', 'e1337fab-ba3f-4332-bb06-57c9df15b067', '2026-05-12 18:00:00+02', 'OUT', 'de3a0001-0000-4000-8000-000000000005', '550e8400-e29b-41d4-a716-446655440001');
INSERT INTO checkins (id, employee_id, site_id, timestamp, type, created_by, client_id) VALUES (uuid_generate_v4(), 'de3a0001-0000-4000-8000-000000000005', 'e1337fab-ba3f-4332-bb06-57c9df15b067', '2026-05-13 09:00:00+02', 'IN', 'de3a0001-0000-4000-8000-000000000005', '550e8400-e29b-41d4-a716-446655440001');
INSERT INTO checkins (id, employee_id, site_id, timestamp, type, created_by, client_id) VALUES (uuid_generate_v4(), 'de3a0001-0000-4000-8000-000000000005', 'e1337fab-ba3f-4332-bb06-57c9df15b067', '2026-05-13 18:00:00+02', 'OUT', 'de3a0001-0000-4000-8000-000000000005', '550e8400-e29b-41d4-a716-446655440001');
INSERT INTO checkins (id, employee_id, site_id, timestamp, type, created_by, client_id) VALUES (uuid_generate_v4(), 'de3a0001-0000-4000-8000-000000000005', 'e1337fab-ba3f-4332-bb06-57c9df15b067', '2026-05-14 09:00:00+02', 'IN', 'de3a0001-0000-4000-8000-000000000005', '550e8400-e29b-41d4-a716-446655440001');
INSERT INTO checkins (id, employee_id, site_id, timestamp, type, created_by, client_id) VALUES (uuid_generate_v4(), 'de3a0001-0000-4000-8000-000000000005', 'e1337fab-ba3f-4332-bb06-57c9df15b067', '2026-05-14 18:00:00+02', 'OUT', 'de3a0001-0000-4000-8000-000000000005', '550e8400-e29b-41d4-a716-446655440001');
INSERT INTO checkins (id, employee_id, site_id, timestamp, type, created_by, client_id) VALUES (uuid_generate_v4(), 'de3a0001-0000-4000-8000-000000000005', 'e1337fab-ba3f-4332-bb06-57c9df15b067', '2026-05-15 09:00:00+02', 'IN', 'de3a0001-0000-4000-8000-000000000005', '550e8400-e29b-41d4-a716-446655440001');
INSERT INTO checkins (id, employee_id, site_id, timestamp, type, created_by, client_id) VALUES (uuid_generate_v4(), 'de3a0001-0000-4000-8000-000000000005', 'e1337fab-ba3f-4332-bb06-57c9df15b067', '2026-05-15 18:00:00+02', 'OUT', 'de3a0001-0000-4000-8000-000000000005', '550e8400-e29b-41d4-a716-446655440001');
INSERT INTO checkins (id, employee_id, site_id, timestamp, type, created_by, client_id) VALUES (uuid_generate_v4(), 'de3a0001-0000-4000-8000-000000000005', 'e1337fab-ba3f-4332-bb06-57c9df15b067', '2026-05-18 09:00:00+02', 'IN', 'de3a0001-0000-4000-8000-000000000005', '550e8400-e29b-41d4-a716-446655440001');
INSERT INTO checkins (id, employee_id, site_id, timestamp, type, created_by, client_id) VALUES (uuid_generate_v4(), 'de3a0001-0000-4000-8000-000000000005', 'e1337fab-ba3f-4332-bb06-57c9df15b067', '2026-05-18 18:00:00+02', 'OUT', 'de3a0001-0000-4000-8000-000000000005', '550e8400-e29b-41d4-a716-446655440001');
INSERT INTO checkins (id, employee_id, site_id, timestamp, type, created_by, client_id) VALUES (uuid_generate_v4(), 'de3a0001-0000-4000-8000-000000000005', 'e1337fab-ba3f-4332-bb06-57c9df15b067', '2026-05-19 09:00:00+02', 'IN', 'de3a0001-0000-4000-8000-000000000005', '550e8400-e29b-41d4-a716-446655440001');
INSERT INTO checkins (id, employee_id, site_id, timestamp, type, created_by, client_id) VALUES (uuid_generate_v4(), 'de3a0001-0000-4000-8000-000000000005', 'e1337fab-ba3f-4332-bb06-57c9df15b067', '2026-05-19 18:00:00+02', 'OUT', 'de3a0001-0000-4000-8000-000000000005', '550e8400-e29b-41d4-a716-446655440001');
INSERT INTO checkins (id, employee_id, site_id, timestamp, type, created_by, client_id) VALUES (uuid_generate_v4(), 'de3a0001-0000-4000-8000-000000000005', 'e1337fab-ba3f-4332-bb06-57c9df15b067', '2026-05-22 09:00:00+02', 'IN', 'de3a0001-0000-4000-8000-000000000005', '550e8400-e29b-41d4-a716-446655440001');
INSERT INTO checkins (id, employee_id, site_id, timestamp, type, created_by, client_id) VALUES (uuid_generate_v4(), 'de3a0001-0000-4000-8000-000000000005', 'e1337fab-ba3f-4332-bb06-57c9df15b067', '2026-05-22 18:00:00+02', 'OUT', 'de3a0001-0000-4000-8000-000000000005', '550e8400-e29b-41d4-a716-446655440001');
INSERT INTO checkins (id, employee_id, site_id, timestamp, type, created_by, client_id) VALUES (uuid_generate_v4(), 'de3a0001-0000-4000-8000-000000000005', 'e1337fab-ba3f-4332-bb06-57c9df15b067', '2026-05-25 09:00:00+02', 'IN', 'de3a0001-0000-4000-8000-000000000005', '550e8400-e29b-41d4-a716-446655440001');
INSERT INTO checkins (id, employee_id, site_id, timestamp, type, created_by, client_id) VALUES (uuid_generate_v4(), 'de3a0001-0000-4000-8000-000000000005', 'e1337fab-ba3f-4332-bb06-57c9df15b067', '2026-05-25 18:00:00+02', 'OUT', 'de3a0001-0000-4000-8000-000000000005', '550e8400-e29b-41d4-a716-446655440001');
INSERT INTO checkins (id, employee_id, site_id, timestamp, type, created_by, client_id) VALUES (uuid_generate_v4(), 'de3a0001-0000-4000-8000-000000000005', 'e1337fab-ba3f-4332-bb06-57c9df15b067', '2026-05-26 09:00:00+02', 'IN', 'de3a0001-0000-4000-8000-000000000005', '550e8400-e29b-41d4-a716-446655440001');
INSERT INTO checkins (id, employee_id, site_id, timestamp, type, created_by, client_id) VALUES (uuid_generate_v4(), 'de3a0001-0000-4000-8000-000000000005', 'e1337fab-ba3f-4332-bb06-57c9df15b067', '2026-05-26 18:00:00+02', 'OUT', 'de3a0001-0000-4000-8000-000000000005', '550e8400-e29b-41d4-a716-446655440001');
INSERT INTO checkins (id, employee_id, site_id, timestamp, type, created_by, client_id) VALUES (uuid_generate_v4(), 'de3a0001-0000-4000-8000-000000000005', 'e1337fab-ba3f-4332-bb06-57c9df15b067', '2026-05-27 09:00:00+02', 'IN', 'de3a0001-0000-4000-8000-000000000005', '550e8400-e29b-41d4-a716-446655440001');
INSERT INTO checkins (id, employee_id, site_id, timestamp, type, created_by, client_id) VALUES (uuid_generate_v4(), 'de3a0001-0000-4000-8000-000000000005', 'e1337fab-ba3f-4332-bb06-57c9df15b067', '2026-05-27 20:00:00+02', 'OUT', 'de3a0001-0000-4000-8000-000000000005', '550e8400-e29b-41d4-a716-446655440001');
INSERT INTO checkins (id, employee_id, site_id, timestamp, type, created_by, client_id) VALUES (uuid_generate_v4(), 'de3a0001-0000-4000-8000-000000000005', 'e1337fab-ba3f-4332-bb06-57c9df15b067', '2026-05-28 09:00:00+02', 'IN', 'de3a0001-0000-4000-8000-000000000005', '550e8400-e29b-41d4-a716-446655440001');
INSERT INTO checkins (id, employee_id, site_id, timestamp, type, created_by, client_id) VALUES (uuid_generate_v4(), 'de3a0001-0000-4000-8000-000000000005', 'e1337fab-ba3f-4332-bb06-57c9df15b067', '2026-05-28 18:00:00+02', 'OUT', 'de3a0001-0000-4000-8000-000000000005', '550e8400-e29b-41d4-a716-446655440001');
INSERT INTO checkins (id, employee_id, site_id, timestamp, type, created_by, client_id) VALUES (uuid_generate_v4(), 'de3a0001-0000-4000-8000-000000000005', 'e1337fab-ba3f-4332-bb06-57c9df15b067', '2026-05-29 09:00:00+02', 'IN', 'de3a0001-0000-4000-8000-000000000005', '550e8400-e29b-41d4-a716-446655440001');
INSERT INTO checkins (id, employee_id, site_id, timestamp, type, created_by, client_id) VALUES (uuid_generate_v4(), 'de3a0001-0000-4000-8000-000000000005', 'e1337fab-ba3f-4332-bb06-57c9df15b067', '2026-05-29 18:00:00+02', 'OUT', 'de3a0001-0000-4000-8000-000000000005', '550e8400-e29b-41d4-a716-446655440001');
INSERT INTO checkins (id, employee_id, site_id, timestamp, type, created_by, client_id) VALUES (uuid_generate_v4(), 'de3a0001-0000-4000-8000-000000000006', 'e1337fab-ba3f-4332-bb06-57c9df15b067', '2026-05-01 09:00:00+02', 'IN', 'de3a0001-0000-4000-8000-000000000006', '550e8400-e29b-41d4-a716-446655440001');
INSERT INTO checkins (id, employee_id, site_id, timestamp, type, created_by, client_id) VALUES (uuid_generate_v4(), 'de3a0001-0000-4000-8000-000000000006', 'e1337fab-ba3f-4332-bb06-57c9df15b067', '2026-05-01 18:00:00+02', 'OUT', 'de3a0001-0000-4000-8000-000000000006', '550e8400-e29b-41d4-a716-446655440001');
INSERT INTO checkins (id, employee_id, site_id, timestamp, type, created_by, client_id) VALUES (uuid_generate_v4(), 'de3a0001-0000-4000-8000-000000000006', 'e1337fab-ba3f-4332-bb06-57c9df15b067', '2026-05-04 09:00:00+02', 'IN', 'de3a0001-0000-4000-8000-000000000006', '550e8400-e29b-41d4-a716-446655440001');
INSERT INTO checkins (id, employee_id, site_id, timestamp, type, created_by, client_id) VALUES (uuid_generate_v4(), 'de3a0001-0000-4000-8000-000000000006', 'e1337fab-ba3f-4332-bb06-57c9df15b067', '2026-05-04 18:00:00+02', 'OUT', 'de3a0001-0000-4000-8000-000000000006', '550e8400-e29b-41d4-a716-446655440001');
INSERT INTO checkins (id, employee_id, site_id, timestamp, type, created_by, client_id) VALUES (uuid_generate_v4(), 'de3a0001-0000-4000-8000-000000000006', 'e1337fab-ba3f-4332-bb06-57c9df15b067', '2026-05-05 09:00:00+02', 'IN', 'de3a0001-0000-4000-8000-000000000006', '550e8400-e29b-41d4-a716-446655440001');
INSERT INTO checkins (id, employee_id, site_id, timestamp, type, created_by, client_id) VALUES (uuid_generate_v4(), 'de3a0001-0000-4000-8000-000000000006', 'e1337fab-ba3f-4332-bb06-57c9df15b067', '2026-05-05 18:00:00+02', 'OUT', 'de3a0001-0000-4000-8000-000000000006', '550e8400-e29b-41d4-a716-446655440001');
INSERT INTO checkins (id, employee_id, site_id, timestamp, type, created_by, client_id) VALUES (uuid_generate_v4(), 'de3a0001-0000-4000-8000-000000000006', 'e1337fab-ba3f-4332-bb06-57c9df15b067', '2026-05-08 09:00:00+02', 'IN', 'de3a0001-0000-4000-8000-000000000006', '550e8400-e29b-41d4-a716-446655440001');
INSERT INTO checkins (id, employee_id, site_id, timestamp, type, created_by, client_id) VALUES (uuid_generate_v4(), 'de3a0001-0000-4000-8000-000000000006', 'e1337fab-ba3f-4332-bb06-57c9df15b067', '2026-05-08 18:00:00+02', 'OUT', 'de3a0001-0000-4000-8000-000000000006', '550e8400-e29b-41d4-a716-446655440001');
INSERT INTO checkins (id, employee_id, site_id, timestamp, type, created_by, client_id) VALUES (uuid_generate_v4(), 'de3a0001-0000-4000-8000-000000000006', 'e1337fab-ba3f-4332-bb06-57c9df15b067', '2026-05-11 09:00:00+02', 'IN', 'de3a0001-0000-4000-8000-000000000006', '550e8400-e29b-41d4-a716-446655440001');
INSERT INTO checkins (id, employee_id, site_id, timestamp, type, created_by, client_id) VALUES (uuid_generate_v4(), 'de3a0001-0000-4000-8000-000000000006', 'e1337fab-ba3f-4332-bb06-57c9df15b067', '2026-05-11 18:00:00+02', 'OUT', 'de3a0001-0000-4000-8000-000000000006', '550e8400-e29b-41d4-a716-446655440001');
INSERT INTO checkins (id, employee_id, site_id, timestamp, type, created_by, client_id) VALUES (uuid_generate_v4(), 'de3a0001-0000-4000-8000-000000000006', 'e1337fab-ba3f-4332-bb06-57c9df15b067', '2026-05-12 09:00:00+02', 'IN', 'de3a0001-0000-4000-8000-000000000006', '550e8400-e29b-41d4-a716-446655440001');
INSERT INTO checkins (id, employee_id, site_id, timestamp, type, created_by, client_id) VALUES (uuid_generate_v4(), 'de3a0001-0000-4000-8000-000000000006', 'e1337fab-ba3f-4332-bb06-57c9df15b067', '2026-05-12 18:00:00+02', 'OUT', 'de3a0001-0000-4000-8000-000000000006', '550e8400-e29b-41d4-a716-446655440001');
INSERT INTO checkins (id, employee_id, site_id, timestamp, type, created_by, client_id) VALUES (uuid_generate_v4(), 'de3a0001-0000-4000-8000-000000000006', 'e1337fab-ba3f-4332-bb06-57c9df15b067', '2026-05-13 09:00:00+02', 'IN', 'de3a0001-0000-4000-8000-000000000006', '550e8400-e29b-41d4-a716-446655440001');
INSERT INTO checkins (id, employee_id, site_id, timestamp, type, created_by, client_id) VALUES (uuid_generate_v4(), 'de3a0001-0000-4000-8000-000000000006', 'e1337fab-ba3f-4332-bb06-57c9df15b067', '2026-05-13 18:00:00+02', 'OUT', 'de3a0001-0000-4000-8000-000000000006', '550e8400-e29b-41d4-a716-446655440001');
INSERT INTO checkins (id, employee_id, site_id, timestamp, type, created_by, client_id) VALUES (uuid_generate_v4(), 'de3a0001-0000-4000-8000-000000000006', 'e1337fab-ba3f-4332-bb06-57c9df15b067', '2026-05-14 09:00:00+02', 'IN', 'de3a0001-0000-4000-8000-000000000006', '550e8400-e29b-41d4-a716-446655440001');
INSERT INTO checkins (id, employee_id, site_id, timestamp, type, created_by, client_id) VALUES (uuid_generate_v4(), 'de3a0001-0000-4000-8000-000000000006', 'e1337fab-ba3f-4332-bb06-57c9df15b067', '2026-05-14 20:00:00+02', 'OUT', 'de3a0001-0000-4000-8000-000000000006', '550e8400-e29b-41d4-a716-446655440001');
INSERT INTO checkins (id, employee_id, site_id, timestamp, type, created_by, client_id) VALUES (uuid_generate_v4(), 'de3a0001-0000-4000-8000-000000000006', 'e1337fab-ba3f-4332-bb06-57c9df15b067', '2026-05-15 09:00:00+02', 'IN', 'de3a0001-0000-4000-8000-000000000006', '550e8400-e29b-41d4-a716-446655440001');
INSERT INTO checkins (id, employee_id, site_id, timestamp, type, created_by, client_id) VALUES (uuid_generate_v4(), 'de3a0001-0000-4000-8000-000000000006', 'e1337fab-ba3f-4332-bb06-57c9df15b067', '2026-05-15 18:00:00+02', 'OUT', 'de3a0001-0000-4000-8000-000000000006', '550e8400-e29b-41d4-a716-446655440001');
INSERT INTO checkins (id, employee_id, site_id, timestamp, type, created_by, client_id) VALUES (uuid_generate_v4(), 'de3a0001-0000-4000-8000-000000000006', 'e1337fab-ba3f-4332-bb06-57c9df15b067', '2026-05-18 09:00:00+02', 'IN', 'de3a0001-0000-4000-8000-000000000006', '550e8400-e29b-41d4-a716-446655440001');
INSERT INTO checkins (id, employee_id, site_id, timestamp, type, created_by, client_id) VALUES (uuid_generate_v4(), 'de3a0001-0000-4000-8000-000000000006', 'e1337fab-ba3f-4332-bb06-57c9df15b067', '2026-05-18 18:00:00+02', 'OUT', 'de3a0001-0000-4000-8000-000000000006', '550e8400-e29b-41d4-a716-446655440001');
INSERT INTO checkins (id, employee_id, site_id, timestamp, type, created_by, client_id) VALUES (uuid_generate_v4(), 'de3a0001-0000-4000-8000-000000000006', 'e1337fab-ba3f-4332-bb06-57c9df15b067', '2026-05-19 09:00:00+02', 'IN', 'de3a0001-0000-4000-8000-000000000006', '550e8400-e29b-41d4-a716-446655440001');
INSERT INTO checkins (id, employee_id, site_id, timestamp, type, created_by, client_id) VALUES (uuid_generate_v4(), 'de3a0001-0000-4000-8000-000000000006', 'e1337fab-ba3f-4332-bb06-57c9df15b067', '2026-05-19 18:00:00+02', 'OUT', 'de3a0001-0000-4000-8000-000000000006', '550e8400-e29b-41d4-a716-446655440001');
INSERT INTO checkins (id, employee_id, site_id, timestamp, type, created_by, client_id) VALUES (uuid_generate_v4(), 'de3a0001-0000-4000-8000-000000000006', 'e1337fab-ba3f-4332-bb06-57c9df15b067', '2026-05-20 09:00:00+02', 'IN', 'de3a0001-0000-4000-8000-000000000006', '550e8400-e29b-41d4-a716-446655440001');
INSERT INTO checkins (id, employee_id, site_id, timestamp, type, created_by, client_id) VALUES (uuid_generate_v4(), 'de3a0001-0000-4000-8000-000000000006', 'e1337fab-ba3f-4332-bb06-57c9df15b067', '2026-05-20 18:00:00+02', 'OUT', 'de3a0001-0000-4000-8000-000000000006', '550e8400-e29b-41d4-a716-446655440001');
INSERT INTO checkins (id, employee_id, site_id, timestamp, type, created_by, client_id) VALUES (uuid_generate_v4(), 'de3a0001-0000-4000-8000-000000000006', 'e1337fab-ba3f-4332-bb06-57c9df15b067', '2026-05-21 09:00:00+02', 'IN', 'de3a0001-0000-4000-8000-000000000006', '550e8400-e29b-41d4-a716-446655440001');
INSERT INTO checkins (id, employee_id, site_id, timestamp, type, created_by, client_id) VALUES (uuid_generate_v4(), 'de3a0001-0000-4000-8000-000000000006', 'e1337fab-ba3f-4332-bb06-57c9df15b067', '2026-05-21 20:00:00+02', 'OUT', 'de3a0001-0000-4000-8000-000000000006', '550e8400-e29b-41d4-a716-446655440001');
INSERT INTO checkins (id, employee_id, site_id, timestamp, type, created_by, client_id) VALUES (uuid_generate_v4(), 'de3a0001-0000-4000-8000-000000000006', 'e1337fab-ba3f-4332-bb06-57c9df15b067', '2026-05-22 09:00:00+02', 'IN', 'de3a0001-0000-4000-8000-000000000006', '550e8400-e29b-41d4-a716-446655440001');
INSERT INTO checkins (id, employee_id, site_id, timestamp, type, created_by, client_id) VALUES (uuid_generate_v4(), 'de3a0001-0000-4000-8000-000000000006', 'e1337fab-ba3f-4332-bb06-57c9df15b067', '2026-05-22 18:00:00+02', 'OUT', 'de3a0001-0000-4000-8000-000000000006', '550e8400-e29b-41d4-a716-446655440001');
INSERT INTO checkins (id, employee_id, site_id, timestamp, type, created_by, client_id) VALUES (uuid_generate_v4(), 'de3a0001-0000-4000-8000-000000000006', 'e1337fab-ba3f-4332-bb06-57c9df15b067', '2026-05-25 09:00:00+02', 'IN', 'de3a0001-0000-4000-8000-000000000006', '550e8400-e29b-41d4-a716-446655440001');
INSERT INTO checkins (id, employee_id, site_id, timestamp, type, created_by, client_id) VALUES (uuid_generate_v4(), 'de3a0001-0000-4000-8000-000000000006', 'e1337fab-ba3f-4332-bb06-57c9df15b067', '2026-05-25 18:00:00+02', 'OUT', 'de3a0001-0000-4000-8000-000000000006', '550e8400-e29b-41d4-a716-446655440001');
INSERT INTO checkins (id, employee_id, site_id, timestamp, type, created_by, client_id) VALUES (uuid_generate_v4(), 'de3a0001-0000-4000-8000-000000000006', 'e1337fab-ba3f-4332-bb06-57c9df15b067', '2026-05-26 09:00:00+02', 'IN', 'de3a0001-0000-4000-8000-000000000006', '550e8400-e29b-41d4-a716-446655440001');
INSERT INTO checkins (id, employee_id, site_id, timestamp, type, created_by, client_id) VALUES (uuid_generate_v4(), 'de3a0001-0000-4000-8000-000000000006', 'e1337fab-ba3f-4332-bb06-57c9df15b067', '2026-05-26 18:00:00+02', 'OUT', 'de3a0001-0000-4000-8000-000000000006', '550e8400-e29b-41d4-a716-446655440001');
INSERT INTO checkins (id, employee_id, site_id, timestamp, type, created_by, client_id) VALUES (uuid_generate_v4(), 'de3a0001-0000-4000-8000-000000000006', 'e1337fab-ba3f-4332-bb06-57c9df15b067', '2026-05-27 09:00:00+02', 'IN', 'de3a0001-0000-4000-8000-000000000006', '550e8400-e29b-41d4-a716-446655440001');
INSERT INTO checkins (id, employee_id, site_id, timestamp, type, created_by, client_id) VALUES (uuid_generate_v4(), 'de3a0001-0000-4000-8000-000000000006', 'e1337fab-ba3f-4332-bb06-57c9df15b067', '2026-05-27 18:00:00+02', 'OUT', 'de3a0001-0000-4000-8000-000000000006', '550e8400-e29b-41d4-a716-446655440001');
INSERT INTO checkins (id, employee_id, site_id, timestamp, type, created_by, client_id) VALUES (uuid_generate_v4(), 'de3a0001-0000-4000-8000-000000000006', 'e1337fab-ba3f-4332-bb06-57c9df15b067', '2026-05-28 09:00:00+02', 'IN', 'de3a0001-0000-4000-8000-000000000006', '550e8400-e29b-41d4-a716-446655440001');
INSERT INTO checkins (id, employee_id, site_id, timestamp, type, created_by, client_id) VALUES (uuid_generate_v4(), 'de3a0001-0000-4000-8000-000000000006', 'e1337fab-ba3f-4332-bb06-57c9df15b067', '2026-05-28 18:00:00+02', 'OUT', 'de3a0001-0000-4000-8000-000000000006', '550e8400-e29b-41d4-a716-446655440001');
INSERT INTO checkins (id, employee_id, site_id, timestamp, type, created_by, client_id) VALUES (uuid_generate_v4(), 'de3a0001-0000-4000-8000-000000000006', 'e1337fab-ba3f-4332-bb06-57c9df15b067', '2026-05-29 09:00:00+02', 'IN', 'de3a0001-0000-4000-8000-000000000006', '550e8400-e29b-41d4-a716-446655440001');
INSERT INTO checkins (id, employee_id, site_id, timestamp, type, created_by, client_id) VALUES (uuid_generate_v4(), 'de3a0001-0000-4000-8000-000000000006', 'e1337fab-ba3f-4332-bb06-57c9df15b067', '2026-05-29 18:00:00+02', 'OUT', 'de3a0001-0000-4000-8000-000000000006', '550e8400-e29b-41d4-a716-446655440001');
INSERT INTO checkins (id, employee_id, site_id, timestamp, type, created_by, client_id) VALUES (uuid_generate_v4(), 'de3a0001-0000-4000-8000-000000000007', 'e1337fab-ba3f-4332-bb06-57c9df15b067', '2026-05-01 09:00:00+02', 'IN', 'de3a0001-0000-4000-8000-000000000007', '550e8400-e29b-41d4-a716-446655440001');
INSERT INTO checkins (id, employee_id, site_id, timestamp, type, created_by, client_id) VALUES (uuid_generate_v4(), 'de3a0001-0000-4000-8000-000000000007', 'e1337fab-ba3f-4332-bb06-57c9df15b067', '2026-05-01 18:00:00+02', 'OUT', 'de3a0001-0000-4000-8000-000000000007', '550e8400-e29b-41d4-a716-446655440001');
INSERT INTO checkins (id, employee_id, site_id, timestamp, type, created_by, client_id) VALUES (uuid_generate_v4(), 'de3a0001-0000-4000-8000-000000000007', 'e1337fab-ba3f-4332-bb06-57c9df15b067', '2026-05-04 09:00:00+02', 'IN', 'de3a0001-0000-4000-8000-000000000007', '550e8400-e29b-41d4-a716-446655440001');
INSERT INTO checkins (id, employee_id, site_id, timestamp, type, created_by, client_id) VALUES (uuid_generate_v4(), 'de3a0001-0000-4000-8000-000000000007', 'e1337fab-ba3f-4332-bb06-57c9df15b067', '2026-05-04 18:00:00+02', 'OUT', 'de3a0001-0000-4000-8000-000000000007', '550e8400-e29b-41d4-a716-446655440001');
INSERT INTO checkins (id, employee_id, site_id, timestamp, type, created_by, client_id) VALUES (uuid_generate_v4(), 'de3a0001-0000-4000-8000-000000000007', 'e1337fab-ba3f-4332-bb06-57c9df15b067', '2026-05-05 09:00:00+02', 'IN', 'de3a0001-0000-4000-8000-000000000007', '550e8400-e29b-41d4-a716-446655440001');
INSERT INTO checkins (id, employee_id, site_id, timestamp, type, created_by, client_id) VALUES (uuid_generate_v4(), 'de3a0001-0000-4000-8000-000000000007', 'e1337fab-ba3f-4332-bb06-57c9df15b067', '2026-05-05 18:00:00+02', 'OUT', 'de3a0001-0000-4000-8000-000000000007', '550e8400-e29b-41d4-a716-446655440001');
INSERT INTO checkins (id, employee_id, site_id, timestamp, type, created_by, client_id) VALUES (uuid_generate_v4(), 'de3a0001-0000-4000-8000-000000000007', 'e1337fab-ba3f-4332-bb06-57c9df15b067', '2026-05-06 09:00:00+02', 'IN', 'de3a0001-0000-4000-8000-000000000007', '550e8400-e29b-41d4-a716-446655440001');
INSERT INTO checkins (id, employee_id, site_id, timestamp, type, created_by, client_id) VALUES (uuid_generate_v4(), 'de3a0001-0000-4000-8000-000000000007', 'e1337fab-ba3f-4332-bb06-57c9df15b067', '2026-05-06 20:00:00+02', 'OUT', 'de3a0001-0000-4000-8000-000000000007', '550e8400-e29b-41d4-a716-446655440001');
INSERT INTO checkins (id, employee_id, site_id, timestamp, type, created_by, client_id) VALUES (uuid_generate_v4(), 'de3a0001-0000-4000-8000-000000000007', 'e1337fab-ba3f-4332-bb06-57c9df15b067', '2026-05-07 09:00:00+02', 'IN', 'de3a0001-0000-4000-8000-000000000007', '550e8400-e29b-41d4-a716-446655440001');
INSERT INTO checkins (id, employee_id, site_id, timestamp, type, created_by, client_id) VALUES (uuid_generate_v4(), 'de3a0001-0000-4000-8000-000000000007', 'e1337fab-ba3f-4332-bb06-57c9df15b067', '2026-05-07 18:00:00+02', 'OUT', 'de3a0001-0000-4000-8000-000000000007', '550e8400-e29b-41d4-a716-446655440001');
INSERT INTO checkins (id, employee_id, site_id, timestamp, type, created_by, client_id) VALUES (uuid_generate_v4(), 'de3a0001-0000-4000-8000-000000000007', 'e1337fab-ba3f-4332-bb06-57c9df15b067', '2026-05-08 09:00:00+02', 'IN', 'de3a0001-0000-4000-8000-000000000007', '550e8400-e29b-41d4-a716-446655440001');
INSERT INTO checkins (id, employee_id, site_id, timestamp, type, created_by, client_id) VALUES (uuid_generate_v4(), 'de3a0001-0000-4000-8000-000000000007', 'e1337fab-ba3f-4332-bb06-57c9df15b067', '2026-05-08 18:00:00+02', 'OUT', 'de3a0001-0000-4000-8000-000000000007', '550e8400-e29b-41d4-a716-446655440001');
INSERT INTO checkins (id, employee_id, site_id, timestamp, type, created_by, client_id) VALUES (uuid_generate_v4(), 'de3a0001-0000-4000-8000-000000000007', 'e1337fab-ba3f-4332-bb06-57c9df15b067', '2026-05-11 09:00:00+02', 'IN', 'de3a0001-0000-4000-8000-000000000007', '550e8400-e29b-41d4-a716-446655440001');
INSERT INTO checkins (id, employee_id, site_id, timestamp, type, created_by, client_id) VALUES (uuid_generate_v4(), 'de3a0001-0000-4000-8000-000000000007', 'e1337fab-ba3f-4332-bb06-57c9df15b067', '2026-05-11 18:00:00+02', 'OUT', 'de3a0001-0000-4000-8000-000000000007', '550e8400-e29b-41d4-a716-446655440001');
INSERT INTO checkins (id, employee_id, site_id, timestamp, type, created_by, client_id) VALUES (uuid_generate_v4(), 'de3a0001-0000-4000-8000-000000000007', 'e1337fab-ba3f-4332-bb06-57c9df15b067', '2026-05-12 09:00:00+02', 'IN', 'de3a0001-0000-4000-8000-000000000007', '550e8400-e29b-41d4-a716-446655440001');
INSERT INTO checkins (id, employee_id, site_id, timestamp, type, created_by, client_id) VALUES (uuid_generate_v4(), 'de3a0001-0000-4000-8000-000000000007', 'e1337fab-ba3f-4332-bb06-57c9df15b067', '2026-05-12 18:00:00+02', 'OUT', 'de3a0001-0000-4000-8000-000000000007', '550e8400-e29b-41d4-a716-446655440001');
INSERT INTO checkins (id, employee_id, site_id, timestamp, type, created_by, client_id) VALUES (uuid_generate_v4(), 'de3a0001-0000-4000-8000-000000000007', 'e1337fab-ba3f-4332-bb06-57c9df15b067', '2026-05-13 09:00:00+02', 'IN', 'de3a0001-0000-4000-8000-000000000007', '550e8400-e29b-41d4-a716-446655440001');
INSERT INTO checkins (id, employee_id, site_id, timestamp, type, created_by, client_id) VALUES (uuid_generate_v4(), 'de3a0001-0000-4000-8000-000000000007', 'e1337fab-ba3f-4332-bb06-57c9df15b067', '2026-05-13 18:00:00+02', 'OUT', 'de3a0001-0000-4000-8000-000000000007', '550e8400-e29b-41d4-a716-446655440001');
INSERT INTO checkins (id, employee_id, site_id, timestamp, type, created_by, client_id) VALUES (uuid_generate_v4(), 'de3a0001-0000-4000-8000-000000000007', 'e1337fab-ba3f-4332-bb06-57c9df15b067', '2026-05-14 09:00:00+02', 'IN', 'de3a0001-0000-4000-8000-000000000007', '550e8400-e29b-41d4-a716-446655440001');
INSERT INTO checkins (id, employee_id, site_id, timestamp, type, created_by, client_id) VALUES (uuid_generate_v4(), 'de3a0001-0000-4000-8000-000000000007', 'e1337fab-ba3f-4332-bb06-57c9df15b067', '2026-05-14 18:00:00+02', 'OUT', 'de3a0001-0000-4000-8000-000000000007', '550e8400-e29b-41d4-a716-446655440001');
INSERT INTO checkins (id, employee_id, site_id, timestamp, type, created_by, client_id) VALUES (uuid_generate_v4(), 'de3a0001-0000-4000-8000-000000000007', 'e1337fab-ba3f-4332-bb06-57c9df15b067', '2026-05-15 09:00:00+02', 'IN', 'de3a0001-0000-4000-8000-000000000007', '550e8400-e29b-41d4-a716-446655440001');
INSERT INTO checkins (id, employee_id, site_id, timestamp, type, created_by, client_id) VALUES (uuid_generate_v4(), 'de3a0001-0000-4000-8000-000000000007', 'e1337fab-ba3f-4332-bb06-57c9df15b067', '2026-05-15 18:00:00+02', 'OUT', 'de3a0001-0000-4000-8000-000000000007', '550e8400-e29b-41d4-a716-446655440001');
INSERT INTO checkins (id, employee_id, site_id, timestamp, type, created_by, client_id) VALUES (uuid_generate_v4(), 'de3a0001-0000-4000-8000-000000000007', 'e1337fab-ba3f-4332-bb06-57c9df15b067', '2026-05-21 09:00:00+02', 'IN', 'de3a0001-0000-4000-8000-000000000007', '550e8400-e29b-41d4-a716-446655440001');
INSERT INTO checkins (id, employee_id, site_id, timestamp, type, created_by, client_id) VALUES (uuid_generate_v4(), 'de3a0001-0000-4000-8000-000000000007', 'e1337fab-ba3f-4332-bb06-57c9df15b067', '2026-05-21 18:00:00+02', 'OUT', 'de3a0001-0000-4000-8000-000000000007', '550e8400-e29b-41d4-a716-446655440001');
INSERT INTO checkins (id, employee_id, site_id, timestamp, type, created_by, client_id) VALUES (uuid_generate_v4(), 'de3a0001-0000-4000-8000-000000000007', 'e1337fab-ba3f-4332-bb06-57c9df15b067', '2026-05-22 09:00:00+02', 'IN', 'de3a0001-0000-4000-8000-000000000007', '550e8400-e29b-41d4-a716-446655440001');
INSERT INTO checkins (id, employee_id, site_id, timestamp, type, created_by, client_id) VALUES (uuid_generate_v4(), 'de3a0001-0000-4000-8000-000000000007', 'e1337fab-ba3f-4332-bb06-57c9df15b067', '2026-05-22 18:00:00+02', 'OUT', 'de3a0001-0000-4000-8000-000000000007', '550e8400-e29b-41d4-a716-446655440001');
INSERT INTO checkins (id, employee_id, site_id, timestamp, type, created_by, client_id) VALUES (uuid_generate_v4(), 'de3a0001-0000-4000-8000-000000000007', 'e1337fab-ba3f-4332-bb06-57c9df15b067', '2026-05-25 09:00:00+02', 'IN', 'de3a0001-0000-4000-8000-000000000007', '550e8400-e29b-41d4-a716-446655440001');
INSERT INTO checkins (id, employee_id, site_id, timestamp, type, created_by, client_id) VALUES (uuid_generate_v4(), 'de3a0001-0000-4000-8000-000000000007', 'e1337fab-ba3f-4332-bb06-57c9df15b067', '2026-05-25 18:00:00+02', 'OUT', 'de3a0001-0000-4000-8000-000000000007', '550e8400-e29b-41d4-a716-446655440001');
INSERT INTO checkins (id, employee_id, site_id, timestamp, type, created_by, client_id) VALUES (uuid_generate_v4(), 'de3a0001-0000-4000-8000-000000000007', 'e1337fab-ba3f-4332-bb06-57c9df15b067', '2026-05-26 09:00:00+02', 'IN', 'de3a0001-0000-4000-8000-000000000007', '550e8400-e29b-41d4-a716-446655440001');
INSERT INTO checkins (id, employee_id, site_id, timestamp, type, created_by, client_id) VALUES (uuid_generate_v4(), 'de3a0001-0000-4000-8000-000000000007', 'e1337fab-ba3f-4332-bb06-57c9df15b067', '2026-05-26 18:00:00+02', 'OUT', 'de3a0001-0000-4000-8000-000000000007', '550e8400-e29b-41d4-a716-446655440001');
INSERT INTO checkins (id, employee_id, site_id, timestamp, type, created_by, client_id) VALUES (uuid_generate_v4(), 'de3a0001-0000-4000-8000-000000000007', 'e1337fab-ba3f-4332-bb06-57c9df15b067', '2026-05-27 09:00:00+02', 'IN', 'de3a0001-0000-4000-8000-000000000007', '550e8400-e29b-41d4-a716-446655440001');
INSERT INTO checkins (id, employee_id, site_id, timestamp, type, created_by, client_id) VALUES (uuid_generate_v4(), 'de3a0001-0000-4000-8000-000000000007', 'e1337fab-ba3f-4332-bb06-57c9df15b067', '2026-05-27 18:00:00+02', 'OUT', 'de3a0001-0000-4000-8000-000000000007', '550e8400-e29b-41d4-a716-446655440001');
INSERT INTO checkins (id, employee_id, site_id, timestamp, type, created_by, client_id) VALUES (uuid_generate_v4(), 'de3a0001-0000-4000-8000-000000000007', 'e1337fab-ba3f-4332-bb06-57c9df15b067', '2026-05-28 09:00:00+02', 'IN', 'de3a0001-0000-4000-8000-000000000007', '550e8400-e29b-41d4-a716-446655440001');
INSERT INTO checkins (id, employee_id, site_id, timestamp, type, created_by, client_id) VALUES (uuid_generate_v4(), 'de3a0001-0000-4000-8000-000000000007', 'e1337fab-ba3f-4332-bb06-57c9df15b067', '2026-05-28 18:00:00+02', 'OUT', 'de3a0001-0000-4000-8000-000000000007', '550e8400-e29b-41d4-a716-446655440001');
INSERT INTO checkins (id, employee_id, site_id, timestamp, type, created_by, client_id) VALUES (uuid_generate_v4(), 'de3a0001-0000-4000-8000-000000000007', 'e1337fab-ba3f-4332-bb06-57c9df15b067', '2026-05-29 09:00:00+02', 'IN', 'de3a0001-0000-4000-8000-000000000007', '550e8400-e29b-41d4-a716-446655440001');
INSERT INTO checkins (id, employee_id, site_id, timestamp, type, created_by, client_id) VALUES (uuid_generate_v4(), 'de3a0001-0000-4000-8000-000000000007', 'e1337fab-ba3f-4332-bb06-57c9df15b067', '2026-05-29 18:00:00+02', 'OUT', 'de3a0001-0000-4000-8000-000000000007', '550e8400-e29b-41d4-a716-446655440001');
INSERT INTO checkins (id, employee_id, site_id, timestamp, type, created_by, client_id) VALUES (uuid_generate_v4(), 'de3a0001-0000-4000-8000-000000000008', 'e1337fab-ba3f-4332-bb06-57c9df15b067', '2026-05-01 09:00:00+02', 'IN', 'de3a0001-0000-4000-8000-000000000008', '550e8400-e29b-41d4-a716-446655440001');
INSERT INTO checkins (id, employee_id, site_id, timestamp, type, created_by, client_id) VALUES (uuid_generate_v4(), 'de3a0001-0000-4000-8000-000000000008', 'e1337fab-ba3f-4332-bb06-57c9df15b067', '2026-05-01 18:00:00+02', 'OUT', 'de3a0001-0000-4000-8000-000000000008', '550e8400-e29b-41d4-a716-446655440001');
INSERT INTO checkins (id, employee_id, site_id, timestamp, type, created_by, client_id) VALUES (uuid_generate_v4(), 'de3a0001-0000-4000-8000-000000000008', 'e1337fab-ba3f-4332-bb06-57c9df15b067', '2026-05-04 09:00:00+02', 'IN', 'de3a0001-0000-4000-8000-000000000008', '550e8400-e29b-41d4-a716-446655440001');
INSERT INTO checkins (id, employee_id, site_id, timestamp, type, created_by, client_id) VALUES (uuid_generate_v4(), 'de3a0001-0000-4000-8000-000000000008', 'e1337fab-ba3f-4332-bb06-57c9df15b067', '2026-05-04 18:00:00+02', 'OUT', 'de3a0001-0000-4000-8000-000000000008', '550e8400-e29b-41d4-a716-446655440001');
INSERT INTO checkins (id, employee_id, site_id, timestamp, type, created_by, client_id) VALUES (uuid_generate_v4(), 'de3a0001-0000-4000-8000-000000000008', 'e1337fab-ba3f-4332-bb06-57c9df15b067', '2026-05-05 09:00:00+02', 'IN', 'de3a0001-0000-4000-8000-000000000008', '550e8400-e29b-41d4-a716-446655440001');
INSERT INTO checkins (id, employee_id, site_id, timestamp, type, created_by, client_id) VALUES (uuid_generate_v4(), 'de3a0001-0000-4000-8000-000000000008', 'e1337fab-ba3f-4332-bb06-57c9df15b067', '2026-05-05 20:00:00+02', 'OUT', 'de3a0001-0000-4000-8000-000000000008', '550e8400-e29b-41d4-a716-446655440001');
INSERT INTO checkins (id, employee_id, site_id, timestamp, type, created_by, client_id) VALUES (uuid_generate_v4(), 'de3a0001-0000-4000-8000-000000000008', 'e1337fab-ba3f-4332-bb06-57c9df15b067', '2026-05-06 09:00:00+02', 'IN', 'de3a0001-0000-4000-8000-000000000008', '550e8400-e29b-41d4-a716-446655440001');
INSERT INTO checkins (id, employee_id, site_id, timestamp, type, created_by, client_id) VALUES (uuid_generate_v4(), 'de3a0001-0000-4000-8000-000000000008', 'e1337fab-ba3f-4332-bb06-57c9df15b067', '2026-05-06 18:00:00+02', 'OUT', 'de3a0001-0000-4000-8000-000000000008', '550e8400-e29b-41d4-a716-446655440001');
INSERT INTO checkins (id, employee_id, site_id, timestamp, type, created_by, client_id) VALUES (uuid_generate_v4(), 'de3a0001-0000-4000-8000-000000000008', 'e1337fab-ba3f-4332-bb06-57c9df15b067', '2026-05-07 09:00:00+02', 'IN', 'de3a0001-0000-4000-8000-000000000008', '550e8400-e29b-41d4-a716-446655440001');
INSERT INTO checkins (id, employee_id, site_id, timestamp, type, created_by, client_id) VALUES (uuid_generate_v4(), 'de3a0001-0000-4000-8000-000000000008', 'e1337fab-ba3f-4332-bb06-57c9df15b067', '2026-05-07 18:00:00+02', 'OUT', 'de3a0001-0000-4000-8000-000000000008', '550e8400-e29b-41d4-a716-446655440001');
INSERT INTO checkins (id, employee_id, site_id, timestamp, type, created_by, client_id) VALUES (uuid_generate_v4(), 'de3a0001-0000-4000-8000-000000000008', 'e1337fab-ba3f-4332-bb06-57c9df15b067', '2026-05-08 09:00:00+02', 'IN', 'de3a0001-0000-4000-8000-000000000008', '550e8400-e29b-41d4-a716-446655440001');
INSERT INTO checkins (id, employee_id, site_id, timestamp, type, created_by, client_id) VALUES (uuid_generate_v4(), 'de3a0001-0000-4000-8000-000000000008', 'e1337fab-ba3f-4332-bb06-57c9df15b067', '2026-05-08 18:00:00+02', 'OUT', 'de3a0001-0000-4000-8000-000000000008', '550e8400-e29b-41d4-a716-446655440001');
INSERT INTO checkins (id, employee_id, site_id, timestamp, type, created_by, client_id) VALUES (uuid_generate_v4(), 'de3a0001-0000-4000-8000-000000000008', 'e1337fab-ba3f-4332-bb06-57c9df15b067', '2026-05-11 09:00:00+02', 'IN', 'de3a0001-0000-4000-8000-000000000008', '550e8400-e29b-41d4-a716-446655440001');
INSERT INTO checkins (id, employee_id, site_id, timestamp, type, created_by, client_id) VALUES (uuid_generate_v4(), 'de3a0001-0000-4000-8000-000000000008', 'e1337fab-ba3f-4332-bb06-57c9df15b067', '2026-05-11 18:00:00+02', 'OUT', 'de3a0001-0000-4000-8000-000000000008', '550e8400-e29b-41d4-a716-446655440001');
INSERT INTO checkins (id, employee_id, site_id, timestamp, type, created_by, client_id) VALUES (uuid_generate_v4(), 'de3a0001-0000-4000-8000-000000000008', 'e1337fab-ba3f-4332-bb06-57c9df15b067', '2026-05-12 09:00:00+02', 'IN', 'de3a0001-0000-4000-8000-000000000008', '550e8400-e29b-41d4-a716-446655440001');
INSERT INTO checkins (id, employee_id, site_id, timestamp, type, created_by, client_id) VALUES (uuid_generate_v4(), 'de3a0001-0000-4000-8000-000000000008', 'e1337fab-ba3f-4332-bb06-57c9df15b067', '2026-05-12 20:00:00+02', 'OUT', 'de3a0001-0000-4000-8000-000000000008', '550e8400-e29b-41d4-a716-446655440001');
INSERT INTO checkins (id, employee_id, site_id, timestamp, type, created_by, client_id) VALUES (uuid_generate_v4(), 'de3a0001-0000-4000-8000-000000000008', 'e1337fab-ba3f-4332-bb06-57c9df15b067', '2026-05-13 09:00:00+02', 'IN', 'de3a0001-0000-4000-8000-000000000008', '550e8400-e29b-41d4-a716-446655440001');
INSERT INTO checkins (id, employee_id, site_id, timestamp, type, created_by, client_id) VALUES (uuid_generate_v4(), 'de3a0001-0000-4000-8000-000000000008', 'e1337fab-ba3f-4332-bb06-57c9df15b067', '2026-05-13 18:00:00+02', 'OUT', 'de3a0001-0000-4000-8000-000000000008', '550e8400-e29b-41d4-a716-446655440001');
INSERT INTO checkins (id, employee_id, site_id, timestamp, type, created_by, client_id) VALUES (uuid_generate_v4(), 'de3a0001-0000-4000-8000-000000000008', 'e1337fab-ba3f-4332-bb06-57c9df15b067', '2026-05-14 09:00:00+02', 'IN', 'de3a0001-0000-4000-8000-000000000008', '550e8400-e29b-41d4-a716-446655440001');
INSERT INTO checkins (id, employee_id, site_id, timestamp, type, created_by, client_id) VALUES (uuid_generate_v4(), 'de3a0001-0000-4000-8000-000000000008', 'e1337fab-ba3f-4332-bb06-57c9df15b067', '2026-05-14 18:00:00+02', 'OUT', 'de3a0001-0000-4000-8000-000000000008', '550e8400-e29b-41d4-a716-446655440001');
INSERT INTO checkins (id, employee_id, site_id, timestamp, type, created_by, client_id) VALUES (uuid_generate_v4(), 'de3a0001-0000-4000-8000-000000000008', 'e1337fab-ba3f-4332-bb06-57c9df15b067', '2026-05-15 09:00:00+02', 'IN', 'de3a0001-0000-4000-8000-000000000008', '550e8400-e29b-41d4-a716-446655440001');
INSERT INTO checkins (id, employee_id, site_id, timestamp, type, created_by, client_id) VALUES (uuid_generate_v4(), 'de3a0001-0000-4000-8000-000000000008', 'e1337fab-ba3f-4332-bb06-57c9df15b067', '2026-05-15 18:00:00+02', 'OUT', 'de3a0001-0000-4000-8000-000000000008', '550e8400-e29b-41d4-a716-446655440001');
INSERT INTO checkins (id, employee_id, site_id, timestamp, type, created_by, client_id) VALUES (uuid_generate_v4(), 'de3a0001-0000-4000-8000-000000000008', 'e1337fab-ba3f-4332-bb06-57c9df15b067', '2026-05-18 09:00:00+02', 'IN', 'de3a0001-0000-4000-8000-000000000008', '550e8400-e29b-41d4-a716-446655440001');
INSERT INTO checkins (id, employee_id, site_id, timestamp, type, created_by, client_id) VALUES (uuid_generate_v4(), 'de3a0001-0000-4000-8000-000000000008', 'e1337fab-ba3f-4332-bb06-57c9df15b067', '2026-05-18 18:00:00+02', 'OUT', 'de3a0001-0000-4000-8000-000000000008', '550e8400-e29b-41d4-a716-446655440001');
INSERT INTO checkins (id, employee_id, site_id, timestamp, type, created_by, client_id) VALUES (uuid_generate_v4(), 'de3a0001-0000-4000-8000-000000000008', 'e1337fab-ba3f-4332-bb06-57c9df15b067', '2026-05-19 09:00:00+02', 'IN', 'de3a0001-0000-4000-8000-000000000008', '550e8400-e29b-41d4-a716-446655440001');
INSERT INTO checkins (id, employee_id, site_id, timestamp, type, created_by, client_id) VALUES (uuid_generate_v4(), 'de3a0001-0000-4000-8000-000000000008', 'e1337fab-ba3f-4332-bb06-57c9df15b067', '2026-05-19 20:00:00+02', 'OUT', 'de3a0001-0000-4000-8000-000000000008', '550e8400-e29b-41d4-a716-446655440001');
INSERT INTO checkins (id, employee_id, site_id, timestamp, type, created_by, client_id) VALUES (uuid_generate_v4(), 'de3a0001-0000-4000-8000-000000000008', 'e1337fab-ba3f-4332-bb06-57c9df15b067', '2026-05-20 09:00:00+02', 'IN', 'de3a0001-0000-4000-8000-000000000008', '550e8400-e29b-41d4-a716-446655440001');
INSERT INTO checkins (id, employee_id, site_id, timestamp, type, created_by, client_id) VALUES (uuid_generate_v4(), 'de3a0001-0000-4000-8000-000000000008', 'e1337fab-ba3f-4332-bb06-57c9df15b067', '2026-05-20 18:00:00+02', 'OUT', 'de3a0001-0000-4000-8000-000000000008', '550e8400-e29b-41d4-a716-446655440001');
INSERT INTO checkins (id, employee_id, site_id, timestamp, type, created_by, client_id) VALUES (uuid_generate_v4(), 'de3a0001-0000-4000-8000-000000000008', 'e1337fab-ba3f-4332-bb06-57c9df15b067', '2026-05-21 09:00:00+02', 'IN', 'de3a0001-0000-4000-8000-000000000008', '550e8400-e29b-41d4-a716-446655440001');
INSERT INTO checkins (id, employee_id, site_id, timestamp, type, created_by, client_id) VALUES (uuid_generate_v4(), 'de3a0001-0000-4000-8000-000000000008', 'e1337fab-ba3f-4332-bb06-57c9df15b067', '2026-05-21 18:00:00+02', 'OUT', 'de3a0001-0000-4000-8000-000000000008', '550e8400-e29b-41d4-a716-446655440001');
INSERT INTO checkins (id, employee_id, site_id, timestamp, type, created_by, client_id) VALUES (uuid_generate_v4(), 'de3a0001-0000-4000-8000-000000000008', 'e1337fab-ba3f-4332-bb06-57c9df15b067', '2026-05-22 09:00:00+02', 'IN', 'de3a0001-0000-4000-8000-000000000008', '550e8400-e29b-41d4-a716-446655440001');
INSERT INTO checkins (id, employee_id, site_id, timestamp, type, created_by, client_id) VALUES (uuid_generate_v4(), 'de3a0001-0000-4000-8000-000000000008', 'e1337fab-ba3f-4332-bb06-57c9df15b067', '2026-05-22 18:00:00+02', 'OUT', 'de3a0001-0000-4000-8000-000000000008', '550e8400-e29b-41d4-a716-446655440001');
INSERT INTO checkins (id, employee_id, site_id, timestamp, type, created_by, client_id) VALUES (uuid_generate_v4(), 'de3a0001-0000-4000-8000-000000000008', 'e1337fab-ba3f-4332-bb06-57c9df15b067', '2026-05-25 09:00:00+02', 'IN', 'de3a0001-0000-4000-8000-000000000008', '550e8400-e29b-41d4-a716-446655440001');
INSERT INTO checkins (id, employee_id, site_id, timestamp, type, created_by, client_id) VALUES (uuid_generate_v4(), 'de3a0001-0000-4000-8000-000000000008', 'e1337fab-ba3f-4332-bb06-57c9df15b067', '2026-05-25 18:00:00+02', 'OUT', 'de3a0001-0000-4000-8000-000000000008', '550e8400-e29b-41d4-a716-446655440001');
INSERT INTO checkins (id, employee_id, site_id, timestamp, type, created_by, client_id) VALUES (uuid_generate_v4(), 'de3a0001-0000-4000-8000-000000000008', 'e1337fab-ba3f-4332-bb06-57c9df15b067', '2026-05-26 09:00:00+02', 'IN', 'de3a0001-0000-4000-8000-000000000008', '550e8400-e29b-41d4-a716-446655440001');
INSERT INTO checkins (id, employee_id, site_id, timestamp, type, created_by, client_id) VALUES (uuid_generate_v4(), 'de3a0001-0000-4000-8000-000000000008', 'e1337fab-ba3f-4332-bb06-57c9df15b067', '2026-05-26 18:00:00+02', 'OUT', 'de3a0001-0000-4000-8000-000000000008', '550e8400-e29b-41d4-a716-446655440001');
INSERT INTO checkins (id, employee_id, site_id, timestamp, type, created_by, client_id) VALUES (uuid_generate_v4(), 'de3a0001-0000-4000-8000-000000000008', 'e1337fab-ba3f-4332-bb06-57c9df15b067', '2026-05-27 09:00:00+02', 'IN', 'de3a0001-0000-4000-8000-000000000008', '550e8400-e29b-41d4-a716-446655440001');
INSERT INTO checkins (id, employee_id, site_id, timestamp, type, created_by, client_id) VALUES (uuid_generate_v4(), 'de3a0001-0000-4000-8000-000000000008', 'e1337fab-ba3f-4332-bb06-57c9df15b067', '2026-05-27 18:00:00+02', 'OUT', 'de3a0001-0000-4000-8000-000000000008', '550e8400-e29b-41d4-a716-446655440001');
INSERT INTO checkins (id, employee_id, site_id, timestamp, type, created_by, client_id) VALUES (uuid_generate_v4(), 'de3a0001-0000-4000-8000-000000000008', 'e1337fab-ba3f-4332-bb06-57c9df15b067', '2026-05-28 09:00:00+02', 'IN', 'de3a0001-0000-4000-8000-000000000008', '550e8400-e29b-41d4-a716-446655440001');
INSERT INTO checkins (id, employee_id, site_id, timestamp, type, created_by, client_id) VALUES (uuid_generate_v4(), 'de3a0001-0000-4000-8000-000000000008', 'e1337fab-ba3f-4332-bb06-57c9df15b067', '2026-05-28 18:00:00+02', 'OUT', 'de3a0001-0000-4000-8000-000000000008', '550e8400-e29b-41d4-a716-446655440001');
INSERT INTO checkins (id, employee_id, site_id, timestamp, type, created_by, client_id) VALUES (uuid_generate_v4(), 'de3a0001-0000-4000-8000-000000000008', 'e1337fab-ba3f-4332-bb06-57c9df15b067', '2026-05-29 09:00:00+02', 'IN', 'de3a0001-0000-4000-8000-000000000008', '550e8400-e29b-41d4-a716-446655440001');
INSERT INTO checkins (id, employee_id, site_id, timestamp, type, created_by, client_id) VALUES (uuid_generate_v4(), 'de3a0001-0000-4000-8000-000000000008', 'e1337fab-ba3f-4332-bb06-57c9df15b067', '2026-05-29 18:00:00+02', 'OUT', 'de3a0001-0000-4000-8000-000000000008', '550e8400-e29b-41d4-a716-446655440001');

-- 3. Approved leave requests / illnesses (drive assenteismo_pct)
INSERT INTO leave_requests (id, client_id, user_id, leave_type, start_date, end_date, num_days, motivation, status, approved_by, approved_at) VALUES (uuid_generate_v4(), '550e8400-e29b-41d4-a716-446655440001', 'de3a0001-0000-4000-8000-000000000002', 'FERIE_1', '2026-05-11', '2026-05-13', 3, 'Ferie (dato demo maggio)', 'APPROVED', '550e8400-e29b-41d4-a716-446655440010', now());
INSERT INTO leave_requests (id, client_id, user_id, leave_type, start_date, end_date, num_days, motivation, status, approved_by, approved_at) VALUES (uuid_generate_v4(), '550e8400-e29b-41d4-a716-446655440001', 'de3a0001-0000-4000-8000-000000000003', 'FERIE_2', '2026-05-25', '2026-05-27', 3, 'Ferie (dato demo maggio)', 'APPROVED', '550e8400-e29b-41d4-a716-446655440010', now());
INSERT INTO illnesses (id, client_id, employee_id, start_date, end_date, num_days, reason, created_by) VALUES (uuid_generate_v4(), '550e8400-e29b-41d4-a716-446655440001', 'de3a0001-0000-4000-8000-000000000005', '2026-05-20', '2026-05-21', 2, 'Malattia (dato demo maggio)', 'de3a0001-0000-4000-8000-000000000005');
INSERT INTO illnesses (id, client_id, employee_id, start_date, end_date, num_days, reason, created_by) VALUES (uuid_generate_v4(), '550e8400-e29b-41d4-a716-446655440001', 'de3a0001-0000-4000-8000-000000000006', '2026-05-06', '2026-05-07', 2, 'Malattia (dato demo maggio)', 'de3a0001-0000-4000-8000-000000000006');
INSERT INTO leave_requests (id, client_id, user_id, leave_type, start_date, end_date, num_days, motivation, status, approved_by, approved_at) VALUES (uuid_generate_v4(), '550e8400-e29b-41d4-a716-446655440001', 'de3a0001-0000-4000-8000-000000000007', 'FERIE_1', '2026-05-18', '2026-05-20', 3, 'Ferie (dato demo maggio)', 'APPROVED', '550e8400-e29b-41d4-a716-446655440010', now());

COMMIT;
